RASSF2,ASPA,FTSJ2,TMEM145,DKFZp547O146,CARD19,CTRC,ZNF324,MUL1,BOP1,SP1,SUGT1P1,RPS2P32,ZFP82,EIF2B2,MAGEL2,BCRP3,RACH1,RC3H1,FUS,TXNDC11,ZNF512B,GLIS2,AFF3,SPATA41,BRWD3,BMS1P4,NAA40,EIF5B,BAMBI,PHACTR4,DCAF4,IFI16,PARP2,ANKRD45,TMEM258,SLC5A7,MZF1,CLECL1,NBPF3,KLK3,KLK2,ACPP,TMPRSS2,AR,NKX3-1,STEAP2,FKBP5,CAMKK2,MKI67,TOP2A,CCNB1,CCNE1,CDK1,AURKA,BIRC5
0.656025,0.0182206,0.439513,0.0211582,3.29398,0.442518,0.0,2.92675,0.739652,0.729082,2.21312,0.255493,0.73861,0.249054,0.642327,0.0414232,0.242445,0.589564,2.78512,3.12429,2.12044,0.887743,0.408867,1.87726,0.0201437,1.03014,0.807949,0.640701,1.96481,1.36224,1.51752,0.168983,0.420263,0.471112,0.198855,0.0,0.0,2.15387,0.0960286,0.512765,423.478,47.0708,120.964,24.5867,2.15258,16.863,31.2478,9.45635,21.4508,0.249361,0.0962939,0.0636914,0.0259933,0.097675,0.304769,0.11061
1.42507,0.0,1.16041,0.0,4.56101,1.03191,0.0,1.46467,1.53608,1.23546,3.63517,0.0,0.699347,0.443235,0.959004,0.0646391,0.0907316,0.272571,3.12036,3.18217,2.63941,1.74613,0.697008,3.54299,0.0917004,0.703141,0.827959,1.12294,2.39163,2.09665,1.49961,0.449296,0.570203,0.459202,0.0896655,0.0,0.0,3.43571,0.0,0.758914,881.275,124.064,117.393,17.569,4.36263,49.83,25.6506,12.033,14.9814,0.19957,0.160225,0.415025,0.0,0.489412,0.321266,0.0697897
0.361853,0.0357045,0.438715,0.0,2.1945,0.851773,0.0,1.39287,1.18589,0.700981,3.09948,0.0,0.396669,0.623292,0.424144,0.12074,0.4479,2.87872,2.78342,3.54854,1.77196,1.13865,0.677561,7.23361,0.0108685,1.24745,0.697194,0.782076,2.71795,1.05263,1.74802,0.352743,1.20858,0.609194,0.148024,0.0,0.0731042,1.16268,0.0,0.673275,376.383,67.0808,130.472,26.4284,3.08477,27.9332,24.8244,12.3352,6.22482,0.301369,0.248986,0.249575,0.0868027,0.115067,0.0581858,0.0957479
1.33585,0.0,0.274778,0.104459,2.87149,0.499949,0.0,0.707645,1.05304,0.591895,2.9272,0.0752164,0.0,0.330239,0.754069,0.0339848,0.206296,2.59711,2.64536,2.89155,1.90931,0.943214,0.957739,3.94392,0.0109302,0.903418,0.730462,0.966913,1.92698,0.879219,1.1862,0.258785,1.26446,0.586919,0.129811,0.0,0.0,1.17204,0.0,0.465642,349.16,88.8662,112.035,25.619,2.43195,26.6065,15.9338,7.63343,5.83735,0.0938495,0.0407452,0.0852572,0.0888397,0.0365433,0.0850517,0.0531574
0.458772,0.0,1.38418,0.0755923,3.27708,0.154401,0.0,1.34913,0.688847,1.43012,2.91917,0.0,0.0663204,0.375727,1.06178,0.0233911,1.27784,0.433977,2.78345,1.85475,1.90107,1.1754,0.614069,0.528299,0.0,0.748043,0.870184,1.74757,4.27597,0.301333,1.27843,0.562324,0.757218,0.892899,0.182083,0.0,0.0495946,2.79459,0.0,0.544288,559.925,133.478,132.456,41.8842,2.44929,48.5399,53.8511,7.45327,8.15745,0.423946,0.278796,0.491027,0.0,1.12983,0.349331,0.389142
0.901251,0.0383417,0.894857,0.0139181,3.17002,0.570598,0.0,0.819792,1.07208,1.13599,3.96777,0.151124,0.0526952,0.398954,0.783279,0.0181571,0.325303,0.552527,3.48174,2.69884,3.51645,0.960893,0.690202,2.72906,0.0115617,1.103,0.672237,0.812515,3.07052,1.17748,1.74304,0.443657,1.35225,0.646336,0.0817651,0.0138743,0.00939885,1.87541,0.0563155,0.628294,676.031,90.8951,166.074,33.4532,4.70454,69.5438,22.3821,11.7944,7.3415,0.228,0.0516856,0.206463,0.0339622,0.108764,0.116553,0.0452537
0.772015,0.0,0.477571,0.171733,4.70025,0.18974,0.0,0.900466,0.49961,0.653867,3.09061,0.156051,0.364612,0.222557,0.690224,0.0572419,0.284859,0.583436,3.96678,2.64937,1.96871,0.761786,0.252176,0.993032,0.0360802,1.16968,0.711786,1.04464,2.57616,0.291767,1.93713,0.169021,0.678507,0.504236,0.0251736,0.0,0.0,1.74936,0.0,0.725678,708.432,142.353,393.443,11.4941,3.47036,62.94,40.198,24.4356,13.6383,0.337633,0.179019,0.0895626,0.0981268,0.280928,0.190459,0.198857
0.800791,0.488385,0.927977,0.0,1.70188,0.51396,0.0254109,0.575573,1.03018,0.337691,2.28186,0.0816909,0.103412,0.398322,0.496017,0.0393353,0.0497001,4.71812,1.97666,3.36064,1.45511,0.992403,1.07151,4.96739,0.0441665,0.855565,0.58635,0.94582,2.27979,0.462234,1.58643,0.233318,2.30685,0.713624,0.220062,0.0,0.0,1.11344,0.149436,0.442827,182.192,54.2207,93.8433,21.6081,3.76124,17.3496,11.5155,5.36268,2.42805,0.0943601,0.210635,0.202014,0.0412377,0.208747,0.0356086,0.0660983
0.732175,0.906756,0.0388529,0.0,1.98113,0.424118,0.0,0.451364,0.229302,0.0632113,1.80267,0.712742,0.0,0.0759362,0.268249,0.0142724,0.335953,1.83312,1.48352,2.13771,0.967946,0.354621,0.184925,1.04605,0.0,0.603884,0.523151,0.44591,1.26714,1.57269,1.01599,0.336952,0.585086,0.513081,0.162054,0.0,0.236612,0.772725,0.0,0.539108,71.5684,16.219,14.2416,5.28095,1.49311,35.2842,10.2381,1.29754,1.96571,0.266199,0.200951,0.0172738,0.329498,0.19141,0.34136,0.348342
1.21835,0.293285,0.695822,0.0,4.56009,0.749759,0.0,2.27401,1.02259,0.600509,4.27487,0.239014,0.0740014,0.528171,0.99729,0.105713,0.289005,1.92022,4.08423,4.29602,3.42114,0.768567,0.918037,3.48719,0.0193321,1.205,0.642773,0.764763,3.97331,1.05617,1.58858,0.397605,3.02864,0.70207,0.0734129,0.0,0.0464443,1.26445,0.0429753,0.402423,705.526,58.9292,265.63,22.1255,2.47026,21.6277,23.7236,13.1811,11.5742,0.319453,0.23772,0.129215,0.0124913,0.0959883,0.167325,0.0547707
1.09938,0.163575,0.86042,0.0,4.47852,0.595718,0.0329147,1.20114,0.722596,1.65979,3.90545,0.295167,0.285582,0.553129,0.667916,0.0242927,0.559258,1.00337,3.8059,3.84488,2.9262,1.1966,0.504677,1.69498,0.0427427,1.17636,1.14011,0.932189,2.54091,1.0127,2.11722,0.410572,1.04011,0.889269,0.163811,0.0,0.0387498,2.42277,0.0250856,0.865006,601.351,112.223,63.1017,25.9857,4.7573,58.8456,29.6776,12.7562,9.68883,0.459471,0.139128,0.270181,0.0552264,0.134473,0.228566,0.159026
1.22652,0.344423,0.995373,0.0,2.25995,0.286739,0.0,1.36679,0.6336,0.602389,3.21718,0.0,0.1077,0.404243,0.369985,0.0180148,0.070408,2.79159,2.56436,4.29131,2.19148,0.991275,0.663799,1.96939,0.113779,1.12942,0.936618,0.68054,2.52668,0.374676,1.84261,0.193036,1.41235,0.7444,0.162433,0.0,0.0,1.58631,0.260987,0.45285,261.358,68.5919,99.6972,11.4949,3.0656,24.5626,15.7058,4.95775,2.79828,0.10083,0.0998161,0.295278,0.105368,0.106195,0.195569,0.0422465
0.929228,0.251934,0.278553,0.0733337,2.97686,0.0,0.0,1.59504,0.578348,0.416259,3.14725,0.841512,0.139605,0.565991,0.68769,0.0,0.339705,0.807683,3.8007,3.65741,1.57262,0.749018,0.310191,2.06113,0.0,1.34801,1.3896,1.22754,2.07206,0.575343,2.03658,0.402887,1.06635,0.728473,0.0863764,0.0,0.0206175,2.06774,0.0,0.701134,534.205,105.511,92.9479,7.45371,3.14166,32.6337,32.389,7.43381,4.19252,0.101372,0.169777,0.19615,0.0,0.0,0.733786,0.190779
0.655834,0.330667,0.935157,0.0414854,3.89763,0.211162,0.0,1.22191,0.826856,0.399315,3.60469,0.0,0.0,0.667687,0.524279,0.0135522,0.951557,0.740201,3.41513,3.51694,1.96718,1.06191,0.660702,1.69953,0.0,1.08859,0.897135,1.24236,2.2559,0.253511,1.98943,0.703841,0.924926,0.704208,0.22936,0.0,0.0456295,1.60874,0.0,0.887113,550.771,75.5415,29.6915,16.6754,3.95503,32.4925,32.3986,11.9768,5.9839,0.183544,0.192002,0.29783,0.0968903,0.092912,0.28415,0.164515
1.01338,0.155955,1.17865,0.0,5.11672,0.0,0.0,1.30696,0.530346,0.401401,3.48364,0.0,0.119382,0.12044,0.31925,0.0,0.721531,1.32409,3.43543,3.1451,1.8848,0.71278,0.50655,4.2734,0.0,1.62621,0.75512,1.01761,3.25233,0.311654,1.81376,0.288607,0.932754,0.796698,0.0,0.0,0.0123917,0.709625,0.0310429,0.727288,533.259,69.0102,56.9692,18.3997,3.26072,43.7462,38.1676,10.6656,4.1164,0.156676,0.0924623,0.0319052,0.113934,0.0506248,0.120676,0.0
1.2197,0.120874,0.173413,0.0602634,2.36663,0.970645,0.0,1.20659,0.789165,0.386051,2.99064,0.0,0.109862,0.077582,0.473981,0.0,0.131666,0.143725,2.93072,2.34088,2.02123,0.514658,0.648169,4.22874,0.0,0.751291,0.370482,0.291758,2.91811,0.880781,1.70097,0.15556,1.3625,0.50142,0.0297937,0.0,0.0293346,0.643528,0.0,0.301239,515.577,59.6347,126.53,10.3009,3.01204,37.2486,23.8206,8.27342,8.18552,0.424652,0.135451,0.558912,0.0813234,0.0952601,0.201023,0.433307
0.395676,0.0,0.379247,0.0,0.723725,0.46729,0.0,0.317827,0.112751,0.0,3.63251,0.515162,0.0,0.0477354,0.22643,0.2389,0.0,9.41118,2.21464,2.87286,1.00354,0.410326,0.183003,2.77521,0.0,0.732804,0.270691,0.889118,0.903335,0.0,1.65107,0.143861,0.896522,0.443398,0.329054,0.0,0.0,0.39384,0.0,0.886708,201.22,31.1252,111.967,13.4037,2.47894,15.8774,9.75816,3.47168,4.40252,0.0610822,0.0758594,0.067362,0.0,0.392066,0.0,0.251566
1.40819,0.105597,0.259666,0.0,1.47707,0.0,0.0,0.620755,0.975835,0.145589,1.72946,0.0904155,0.0,0.275794,0.555676,0.138681,0.0,0.155003,2.19505,2.52802,1.1456,0.528598,0.317492,9.05753,0.0731879,0.680784,0.77098,0.734881,2.772,0.0307106,0.97276,0.239827,1.76139,0.154197,0.0499121,0.0,0.0,0.904664,0.0488741,0.340901,228.382,41.739,190.016,23.0487,1.35503,9.63631,10.2912,6.97435,7.6888,0.0818191,0.0897107,0.0,0.0,1.39289,0.0821705,0.235908
0.778535,0.446002,0.414021,0.0,1.80078,0.0,0.0,0.871371,0.511925,0.0921151,1.86267,0.0,0.0,0.0,1.26568,0.0111569,0.0,2.27619,2.18097,2.82322,1.51634,0.638199,0.596515,1.98938,0.204356,0.701629,0.500093,0.528955,1.67657,0.445983,1.33289,0.156981,0.926073,0.0,0.28556,0.0,0.0,0.408274,0.0,0.472604,338.44,55.7803,132.166,19.3033,1.7507,20.0047,9.68843,4.07571,2.55806,0.147454,0.205542,0.0,0.0,0.0,0.0280812,0.132361
1.31177,0.0,0.212043,0.0,1.41224,0.341632,0.0,0.369326,0.681282,0.336446,2.06188,0.0,0.366205,0.0640594,0.119203,0.0390692,0.0922419,1.49149,2.10358,2.16624,1.08441,0.722964,0.85711,3.74775,0.208432,0.657257,0.449824,0.948471,2.46614,0.0,1.029,0.0,1.17961,0.173611,0.266793,0.0602587,0.156892,0.492879,0.0,0.2589,185.644,40.5561,113.915,18.9496,2.08191,9.47998,8.00435,5.72082,2.09964,0.176528,0.0,0.0,0.213567,0.384654,0.172035,0.0801747
1.57904,0.0,1.27872,0.0,2.8845,1.32211,0.0,0.371001,0.783235,0.988261,3.68965,0.54223,0.0,0.337388,0.244073,0.0733033,0.0,2.48624,3.57365,2.81133,1.01941,1.09288,0.812151,1.03113,0.0,0.159236,1.80174,1.98605,2.72808,0.271634,1.396,0.488277,1.43134,0.724971,0.420876,0.0,0.0210579,1.03879,0.0,0.993648,733.262,86.7579,133.056,29.1295,5.09933,33.7716,21.5505,5.85546,14.2861,0.58454,0.147857,0.0,0.345295,0.089544,0.433391,0.563471
0.0,4.65363,0.0,0.0,0.392187,0.0,0.0,1.7046,0.394197,0.702379,2.84323,0.658647,2.65605,0.0,0.0,0.0,0.0,4.42627,0.815349,2.67323,1.70938,0.0,0.428054,0.583287,0.0,0.869389,0.260808,0.121828,1.75038,0.0,0.911872,1.00897,0.0353225,0.213375,0.845795,0.0,0.0,0.0,0.0,0.159968,173.645,22.2124,83.3608,12.8447,1.10843,6.06978,8.09083,2.54215,4.96394,0.149566,0.0,1.27668,0.0,0.0,0.0,0.0
0.856905,0.0,0.526111,0.0,2.8083,0.495269,0.0,1.21907,0.0528137,0.835381,2.53402,0.805265,0.0,0.0,0.406149,0.0394201,0.100211,1.32358,2.65645,4.02367,2.65948,1.32876,0.679254,1.6866,0.107755,1.11825,1.03397,1.48703,3.42408,0.349056,2.39794,0.121261,0.910104,0.17782,0.370225,0.32072,0.0,1.77447,0.0,0.534013,672.13,67.0715,48.322,40.9475,2.38034,23.5186,30.4039,3.1882,7.66633,0.289935,0.0713862,0.0279265,0.0,0.356807,0.300187,0.31831
1.07787,0.157914,0.653954,0.0,2.62404,0.300435,0.0,0.786365,0.553805,0.240451,3.88415,0.327747,0.348757,0.423606,1.14401,0.0102781,0.648115,3.40369,3.04555,4.01381,1.27399,0.696177,0.28514,4.76622,0.0102181,1.4366,1.32302,0.992642,2.85644,0.433094,2.23594,0.334403,0.862467,0.773854,0.217538,0.0,0.0910387,0.867353,0.017015,0.671871,559.048,93.7131,177.994,34.7823,3.78136,54.8157,35.1857,15.3456,7.17865,0.119566,0.12767,0.019987,0.0205785,0.244943,0.264624,0.0780226
1.07358,0.124021,0.879476,0.0,4.6729,0.135398,0.0,1.44406,1.79905,0.36376,5.54559,0.0,0.075801,0.37518,0.953877,0.0405069,0.100531,1.98388,3.6128,5.47036,2.99288,0.5735,0.882542,9.21616,0.0233404,1.35657,0.246896,0.544777,4.34329,0.737643,1.8867,0.314361,3.43827,0.499963,0.0659417,0.0,0.0280821,0.927026,0.0171776,0.618422,836.096,70.5254,319.453,28.3872,4.0216,29.136,41.7457,10.2581,14.9916,0.417508,0.130575,0.0404682,0.0470266,0.397925,0.0,0.0220333
0.713721,0.0877913,0.685103,0.0,2.88885,0.34543,0.0,2.28792,0.705606,0.523489,3.62699,0.495222,0.196812,0.229324,0.624541,0.0161782,0.317766,0.560268,3.72484,3.60409,1.78837,0.655853,0.30541,5.54629,0.0293268,1.26343,0.670452,1.04357,2.87009,1.30432,1.70152,0.303569,1.70267,0.752381,0.12349,0.0,0.0911291,1.17268,0.0355353,0.42282,302.319,68.9926,197.53,28.6549,2.28833,20.3332,30.9248,7.20574,13.7682,0.113459,0.0287419,0.105683,0.0925335,0.0,0.150636,0.0
2.66091,0.358132,0.713882,0.0,2.90093,0.147304,0.0,0.820213,0.985629,0.411386,3.91101,0.0,0.114312,0.517632,0.851265,0.067197,0.359865,1.37177,3.21841,4.21386,1.64175,0.875366,1.18589,5.96744,0.0,1.5702,0.465032,0.752081,3.07789,0.170556,1.96473,0.206756,2.74446,0.716048,0.449248,0.0,0.121933,0.711321,0.0181437,0.720933,192.049,26.4846,43.2659,11.1308,3.83207,10.278,14.7365,6.10281,3.7084,0.185525,0.194025,0.0400007,0.0614281,0.144257,0.122161,0.0519363
4.03963,0.62124,0.26037,0.0,2.76896,0.0486741,0.0,0.85564,0.639246,0.18988,3.78265,0.331113,0.233038,0.221277,0.418813,0.0199817,0.402961,0.173506,2.43159,4.11089,1.28446,0.440372,0.715203,2.41725,0.0105788,1.30698,0.410644,0.566296,3.23521,2.5546,1.62472,0.326503,1.31531,0.792426,0.057079,0.0,0.168725,0.494101,0.0187292,0.771349,359.888,60.8864,74.1442,23.6196,3.81063,61.6775,16.4363,4.53761,9.27352,0.343693,0.171161,0.0451526,0.0432017,0.130704,0.186098,0.162191
1.2662,0.187727,0.893672,0.0,3.21036,1.09101,0.0,1.30711,0.808628,0.640186,4.20671,0.0,0.0,0.168689,0.233943,0.0,0.719688,3.84146,2.92464,3.34843,2.75681,0.968579,0.820458,4.91792,0.0597646,1.1592,0.53988,0.717547,2.70146,0.139292,2.51161,0.182605,1.77869,0.811638,0.287717,0.0,0.0461219,0.883271,0.0,0.487202,273.838,60.379,156.101,25.6344,3.29483,35.1531,24.9654,5.02768,5.97934,0.271448,0.249073,0.539302,0.0,0.297209,0.201712,0.0
0.792535,0.402345,0.340296,0.0,1.96934,0.532464,0.0941603,0.626207,0.613895,0.258005,3.4954,0.0,0.0,0.393013,0.41959,0.0,0.061055,3.7117,4.28362,4.36587,1.8842,0.699618,0.642509,1.76904,0.0,1.353,0.633577,0.980757,2.69595,0.159607,1.67951,0.0984671,3.20666,1.02906,0.0404206,0.0,0.124395,0.671447,0.0,0.22775,32.9691,15.3528,48.0047,6.02177,1.98793,5.42023,5.82893,2.78545,2.13833,0.181749,0.105113,0.0883041,0.0847511,0.183512,0.201108,0.0726799
0.650336,0.831373,0.178939,0.0,2.79805,0.265671,0.0,1.30422,0.250213,0.260537,4.13722,0.215817,0.0,0.314536,0.127274,0.0159804,0.0991035,4.46973,2.54536,2.94293,1.07213,0.843085,1.30716,2.78209,0.0,0.947091,0.233065,0.763729,2.0451,0.313327,1.03781,0.2945,1.7903,0.333314,0.1294,0.0,0.0795105,0.778766,0.0,0.206951,177.351,24.8761,95.2707,12.4232,1.68749,6.39837,8.06425,4.23002,4.43078,0.0862214,0.0709481,0.0,0.0,0.308432,0.128633,0.18801
0.491628,0.331902,0.430371,0.0293506,2.23844,0.0,0.0480201,0.937042,0.702135,0.267783,3.77177,0.0839463,0.150937,0.417993,0.821826,0.0,0.0994605,5.53578,2.46838,4.60312,1.34468,0.820698,0.555096,4.07634,0.0593311,1.25702,1.32009,1.25587,2.49714,0.153284,1.88152,0.216892,1.90192,0.851079,0.158754,0.0,0.0,0.742338,0.0554349,0.592224,233.782,67.0835,154.047,17.789,2.12806,29.6036,17.5311,5.60797,5.41884,0.161822,0.054408,0.0916767,0.0202335,0.147079,0.0977692,0.0614831
0.966233,0.655024,0.664983,0.0234727,3.60939,0.183113,0.0,1.03944,0.879608,0.265496,4.03433,0.120672,0.0820051,0.846188,0.899075,0.0373804,0.156326,2.58128,3.29751,4.22966,1.8144,0.846063,0.913056,2.86202,0.043078,1.48674,0.808803,1.22721,2.9796,0.324875,1.8325,0.418439,2.71165,0.635513,0.138622,0.0,0.126083,0.942403,0.13185,0.598074,162.726,38.4189,85.0566,9.40146,3.55856,17.411,14.2545,7.09614,2.58907,0.160768,0.149745,0.143645,0.144752,0.259146,0.0483066,0.0
0.863741,0.336967,0.731145,0.100722,2.88881,0.46787,0.0,1.36776,0.519989,0.649858,3.71937,0.132503,0.340759,0.147024,1.50344,0.0327688,0.0,1.22874,2.25435,3.40885,0.81111,0.897296,1.26114,5.622,0.0989545,0.949785,0.477087,0.793569,2.93212,0.173606,2.19051,0.560844,2.50739,0.673014,0.0663854,0.0,0.0360896,0.984476,0.0,0.414676,168.775,40.791,92.4931,13.1835,2.57278,12.5599,11.3792,6.58286,6.09085,0.0390309,0.079937,0.114234,0.071665,0.16579,0.084967,0.0
1.07777,0.119673,0.705635,0.0938564,2.40779,0.214598,0.0,0.815148,0.668368,0.353158,3.62419,0.498363,0.0,0.263007,0.522405,0.0148207,0.105073,1.26391,2.69975,3.9772,1.75693,0.737325,0.479239,5.98498,0.0,1.35848,0.932178,1.12135,2.96733,1.08332,1.71736,0.571387,1.22471,0.857573,0.152799,0.0,0.0,0.999688,0.0,0.615098,484.6,88.8929,91.4401,35.936,3.59327,53.4844,28.1461,4.21205,12.9915,0.126538,0.282649,0.0350917,0.0664642,0.0,0.0943088,0.190798
0.484971,0.385379,0.993587,0.0,2.42881,0.240929,0.0,0.961694,0.409566,0.278151,3.12241,0.526561,0.132607,0.296241,0.902994,0.0133702,0.0,0.859994,2.40673,2.18116,2.4826,0.415963,0.156094,4.46743,0.121173,1.19152,0.808619,1.03586,1.9277,0.248125,1.41523,0.294117,0.909735,0.266224,0.133955,0.0,0.0328,1.01231,0.0,0.62557,632.114,61.1979,428.459,29.1451,3.56156,54.6467,27.7521,14.487,25.7527,0.251032,0.0630329,0.0,0.0752671,0.199985,0.0453904,0.044064
1.73496,0.0,0.481971,0.0,3.01586,0.0,0.0,1.41399,1.92114,0.160711,3.85707,0.0,0.812621,0.0,0.338564,0.115155,1.28072,0.415369,3.30292,3.46164,0.566452,0.455432,0.607111,4.15975,0.0,1.42369,1.42868,0.801664,4.02874,0.0,1.91578,0.24922,1.35239,0.372642,0.0112269,0.0,0.0,1.28461,0.270397,1.16783,413.438,69.912,59.2613,8.15481,2.0174,11.8224,24.6502,8.7357,3.41412,0.0686489,0.0,0.530734,0.0,0.0,0.346214,0.0
0.756607,0.103538,0.6715,0.0,3.6399,0.560101,0.262108,1.78539,0.653017,0.63694,3.53149,0.0,0.3934,0.181838,0.616535,0.0,0.371649,0.165619,3.39867,3.39227,1.53487,0.619109,1.55413,1.59551,0.035512,1.33347,1.36999,0.821242,2.63153,0.97688,1.63208,0.433245,1.67266,0.864081,0.190318,0.0,0.0252035,1.14134,0.0282104,0.660231,340.826,62.3392,30.1261,24.4293,4.60894,25.3935,20.1113,5.3676,12.7886,0.161002,0.196999,0.0309262,0.035347,0.05228,0.254746,0.161722
0.690075,1.1045,1.0657,0.0,3.66795,0.712465,0.0,1.07831,1.32624,0.445074,5.80179,0.241788,0.525926,0.497815,1.59293,0.0374616,0.0486789,0.0388956,3.49441,4.9077,1.67568,1.29774,1.08552,0.754022,0.033431,1.45156,0.94624,1.34368,3.60798,2.63738,1.65096,0.347535,1.51378,1.20263,0.274887,0.0,0.111495,1.50155,0.0726254,0.473788,0.793841,0.388511,0.709334,1.4103,6.74378,0.621376,1.41637,10.5857,1.72282,0.0150425,0.0113526,0.155555,0.135807,0.556961,0.0858078,0.0935522
0.795623,0.0,0.627285,0.128275,1.92157,0.12408,0.0,0.533493,0.836006,0.636356,2.45379,0.649462,0.124977,0.46304,0.282302,0.061104,0.293587,0.369621,1.97776,1.63189,2.00802,0.626889,0.481231,1.06559,0.135588,0.767806,0.853156,0.520634,1.91148,0.228322,1.76272,0.251802,0.835216,0.594156,0.214138,0.0559493,0.0917056,0.626934,0.164978,0.66147,195.63,44.4295,65.2058,13.1351,3.60299,33.6868,18.6558,5.9126,4.14969,0.246756,0.228509,0.170996,0.152653,0.305866,0.31665,0.183331
0.351745,0.0,0.465164,0.0,1.81018,0.842335,0.0,1.05159,0.422627,0.926646,3.05826,0.306188,0.217519,0.148206,0.538264,0.0,0.395983,0.753924,2.73186,2.44482,1.66017,0.956061,0.291382,0.905519,0.105287,0.813541,1.86023,0.907126,1.70881,1.74087,1.30246,0.331778,0.483566,1.00455,0.224933,0.0,0.038788,1.57029,0.0,0.674907,277.757,92.4957,134.786,17.7005,2.8549,39.2121,26.6148,11.6783,10.357,0.566945,0.449176,0.0862898,0.0,1.02871,0.0824363,0.0759548
0.607724,0.149215,0.784341,0.0,2.04902,0.196361,0.0,0.565182,0.872146,1.08236,2.83655,0.881252,0.0,0.346385,0.604069,0.0,0.0,1.5204,2.87969,3.04593,1.76428,0.856966,0.316067,4.04876,0.0944005,0.699353,2.36142,0.904254,1.92816,0.817639,2.15982,0.25122,0.694151,0.473375,0.215746,0.0,0.0,1.66255,0.0,0.69265,313.23,82.0543,102.802,22.1388,3.01156,40.542,23.394,8.5064,6.47721,0.0460423,0.0527249,0.0818935,0.0,0.123992,0.0,0.0
1.08759,0.111053,0.585793,0.0,3.19625,0.729049,0.0,0.873524,1.21016,1.05382,3.59421,0.498326,0.0,0.110696,0.683883,0.0303006,0.22257,0.513422,2.38676,1.88738,2.32236,0.89963,0.602388,1.13977,0.0821522,0.63728,1.38292,0.680634,2.26491,0.430684,2.08717,0.660818,0.837549,0.51767,0.112361,0.0872325,0.0,1.41532,0.0,0.549384,343.697,81.1148,113.35,21.6015,3.18973,52.3408,29.6734,8.51132,7.38694,0.0700397,0.311052,0.0,0.0,0.0,0.215471,0.0609411
0.81248,0.222603,0.865782,0.0,2.28587,1.06127,0.0,0.415977,0.698215,0.712724,3.58975,0.816581,0.140726,0.466001,0.712242,0.0451222,0.943045,2.87193,2.81735,3.15478,1.87881,0.83909,0.444658,2.15149,0.0679996,0.994302,1.32776,0.740385,2.47811,0.146526,1.87812,0.466914,1.09785,0.513116,0.263949,0.0855491,0.0,1.17975,0.0,0.639144,453.413,85.4231,200.283,25.7276,3.94878,52.8401,31.2391,12.395,4.90027,0.0743614,0.119085,0.305245,0.0643397,0.0945289,0.171646,0.0516078
0.780564,0.16489,0.53526,0.0516213,1.35536,0.387312,0.0,0.559062,0.19711,0.250674,2.2593,0.291164,0.0991311,0.499138,0.355359,0.0157604,0.0595992,2.31684,2.06513,2.23297,1.97885,0.491852,0.638751,6.94918,0.0495317,0.72065,0.840833,0.499208,1.65379,0.522934,1.64363,0.181971,1.44542,0.50937,0.231667,0.0,0.0206173,0.600048,0.0,0.701389,254.319,61.6178,134.325,40.1951,3.03104,23.4699,25.0668,8.56778,5.55182,0.105652,0.102573,0.0883186,0.093219,0.233882,0.208347,0.0367526
0.137047,0.455517,0.0206382,0.0,0.674075,0.179809,0.0,0.303559,0.152878,0.0275499,2.06075,0.0,0.0,0.0,0.280483,0.0185505,0.0346302,2.14743,1.61192,2.00862,0.58731,0.303905,0.604179,3.86651,0.0,0.87399,0.34504,0.679551,1.56114,0.255213,1.21229,0.0498088,1.54887,0.669456,0.402762,0.0,0.01379,0.385822,0.0,0.290652,61.1718,16.2505,11.5436,9.24478,1.89775,6.69731,8.57125,3.27804,2.19919,0.0545439,0.0511268,0.0293344,0.0,0.0722118,0.0,0.0
1.05632,0.188799,0.445341,0.023302,3.16651,0.175894,0.0,0.602807,0.30618,0.187531,3.12979,0.06372,0.0,0.0689515,0.676609,0.0,0.0,1.98134,2.78971,2.9848,1.75028,0.592747,0.483107,9.85923,0.0960366,1.38385,0.967174,0.989448,2.43728,0.0615305,2.11104,0.0914711,1.16846,0.712713,0.142418,0.0,0.0,0.877105,0.0,0.572483,342.861,74.595,248.116,27.3433,2.77938,37.1116,29.1768,10.5001,6.99618,0.0331777,0.0282806,0.0,0.0841073,0.15578,0.080366,0.0
0.67446,0.0,1.35398,0.0,3.01691,0.421502,0.0,0.357829,0.582673,1.60054,5.83302,0.115218,0.143075,0.301792,1.22024,0.0352045,0.159528,0.100644,3.05774,3.40036,2.27055,1.57459,0.431239,1.75336,0.0232905,1.46493,1.35507,1.08005,2.94181,3.93556,2.1238,0.363517,0.868513,1.44829,0.188707,0.0,0.0,0.661644,0.0249434,0.628819,60.5187,1.53888,1.11902,8.62138,9.55418,49.2588,7.35102,16.2133,8.80634,3.62535,4.20898,1.75789,0.241421,4.84665,1.26629,1.78114
2.01105,0.201544,1.29019,0.0,4.92421,1.10575,0.0823639,1.00033,1.04272,0.988805,4.76291,0.107119,0.0,0.444807,1.41424,0.0513234,0.836551,2.078,3.55014,6.79685,2.42352,1.36327,2.29086,1.10553,0.12255,1.37362,0.673036,1.07697,2.34953,0.515027,2.32662,0.321026,3.10221,0.905223,0.199824,0.0,0.0520225,2.38275,0.0862282,0.814674,181.384,31.1266,58.8303,4.20484,4.05327,14.7418,9.18195,6.96643,3.77578,0.316219,0.146704,0.317084,0.044227,0.376873,0.278066,0.0
1.571,0.472927,1.36672,0.0193118,3.41403,0.742136,0.0687973,1.01275,0.971976,1.10505,4.33795,0.128852,0.221518,0.478511,1.5058,0.0836418,0.24416,1.67237,3.25452,4.68797,1.90001,1.14311,0.93445,7.71832,0.0433287,1.48264,1.0164,0.84346,4.2197,0.24325,2.41302,0.611619,2.11389,0.582938,0.152943,0.00884123,0.108889,1.26149,0.0372768,0.93519,336.864,87.4481,60.6929,28.5914,8.39535,43.8051,20.0005,18.4663,16.3494,0.181371,0.340418,0.290419,0.147392,0.220271,0.291434,0.211369
0.925069,0.16197,0.696101,0.0,3.57233,0.574429,0.0,1.24079,0.709271,0.760057,3.61118,0.230435,0.127797,0.102808,0.874935,0.0126668,0.509419,3.64126,2.70973,4.06313,1.52143,1.03892,0.854068,2.14794,0.0205029,0.816018,1.46784,0.784375,1.72848,0.335325,1.53964,0.102092,0.96019,0.725861,0.219961,0.0,0.0,1.21043,0.0,0.558612,735.278,102.542,134.038,17.6824,2.92305,34.8852,22.9513,6.80739,7.34643,0.124309,0.0661793,0.0823885,0.0385273,0.0786713,0.232563,0.0692018
0.54124,0.0,0.565333,0.187694,1.52536,0.377017,0.0,0.818963,0.756227,0.609838,1.9219,0.110821,0.0606682,0.170472,0.577615,0.0209701,0.0201778,0.286867,0.860002,2.42164,2.05784,1.07317,0.263397,2.63657,0.0,0.417462,0.49972,0.660923,1.26463,1.43618,1.08452,0.209465,0.473346,0.218815,0.067584,0.0,0.0135802,1.51935,0.0,0.480796,362.67,139.465,127.049,35.395,4.62618,24.1082,16.7256,5.85192,13.3182,0.398169,0.354924,0.482924,0.107251,0.290763,0.135805,0.162466
0.589155,0.425646,0.441377,0.0174074,1.44126,0.483012,0.0585485,0.766389,0.777575,0.585069,2.23484,0.0560363,0.0589273,0.300897,0.599199,0.0801536,0.0796384,2.18179,1.40957,2.48068,1.29091,1.18182,1.07012,1.54517,0.0551728,0.38678,0.785008,0.697258,1.36944,0.322895,1.43381,0.136402,1.27122,0.640437,0.28032,0.0,0.0,1.01493,0.0,0.365582,132.356,42.5266,27.2099,14.9108,2.99183,14.1264,7.30492,2.68597,3.81135,0.0840496,0.0832891,0.0862206,0.0503366,0.182646,0.0661568,0.0144613
1.1687,0.0,0.718045,0.0,1.60178,0.328187,0.0,0.660458,0.935759,0.959288,2.55774,0.0467092,0.0588646,0.204111,0.469933,0.00523454,0.318947,0.780321,1.94048,1.99348,2.13441,0.617686,0.717046,5.69048,0.01457,0.586818,0.529499,0.529347,2.90443,2.05296,1.51223,0.359894,0.710581,0.478056,0.0403274,0.0194116,0.097826,1.00553,0.0,0.428313,318.708,81.6042,41.6695,28.5322,3.97209,37.2925,22.5134,8.0373,6.21176,0.484417,0.323575,0.238446,0.0689222,0.226562,0.0958851,0.200667
1.33706,0.141133,0.82717,0.0363114,2.12489,0.318128,0.0,0.599092,1.09707,0.633518,2.52189,0.111299,0.0663836,0.210813,0.77453,0.0427292,0.153384,0.32825,1.85075,2.31745,2.27668,0.671205,0.629442,0.929872,0.0193316,0.511455,0.40824,1.02793,1.91034,0.609975,1.34923,0.27367,1.0444,0.431348,0.259975,0.0,0.0,1.79854,0.0,0.529325,286.127,67.1512,61.3267,14.0559,3.1427,40.6888,16.4334,2.9708,5.54904,0.0593582,0.0862981,0.065163,0.01783,0.0798636,0.0162803,0.0282621
0.606676,0.0,1.30244,0.0,2.34347,0.182367,0.0,0.526618,0.547591,0.356174,2.58238,0.152881,0.187702,0.121011,0.711905,0.0260014,0.0,0.0563634,1.44314,1.65918,2.65986,0.757701,0.184259,1.62664,0.00756398,0.697922,0.463846,0.489011,1.973,2.25898,1.29781,0.139441,0.349696,0.350366,0.0318528,0.0,0.0420721,0.903022,0.0,0.630941,802.508,67.0825,268.392,24.6772,4.17688,42.7852,51.3104,2.92092,12.0542,0.365609,0.18107,0.199391,0.0588145,0.190549,0.0949394,0.319219
1.57343,0.440543,0.820137,0.061053,2.53163,0.0,0.0,0.511634,0.191613,0.682301,3.31771,0.158186,0.0925821,0.0968963,0.0881833,0.0,0.189167,0.735364,2.37721,2.55491,1.71489,1.08468,0.429307,0.718325,0.0616462,0.582634,0.867007,0.728528,2.64141,0.501695,1.77735,0.613992,0.799284,0.264089,0.0361559,0.0,0.113489,0.588365,0.0,0.698198,711.227,91.9663,175.249,27.1888,2.91491,54.4133,26.2555,8.07154,9.3307,0.378853,0.224792,0.0,0.0,0.0603324,0.264628,0.0696955
0.267904,0.0470786,0.767017,0.0872943,1.88315,0.201574,0.0,1.3748,0.36723,1.60458,1.9752,0.2012,0.264382,0.1826,0.359596,0.0,0.0341791,0.119456,1.74488,1.95771,1.62908,0.688693,0.276611,1.50326,0.018216,0.546309,0.575003,0.667254,1.39469,0.879109,1.21142,0.27751,0.226405,0.24095,0.0968071,0.0,0.0290977,0.885945,0.0262428,0.530612,254.565,60.5048,32.3641,40.0215,4.28238,16.4545,36.2753,5.24911,15.2848,0.142718,0.185283,0.194882,0.062114,0.0771487,0.0755859,0.143779
0.261293,0.0,0.764155,0.400655,1.92671,0.459268,0.0,0.65985,0.612679,0.445962,2.13725,0.183017,0.0,0.223943,0.626554,0.0304746,0.0,0.0929202,1.52587,1.63413,2.3476,0.463999,0.0505478,3.06865,0.0,0.562623,0.574701,0.572281,2.05968,0.365547,1.44894,0.216593,0.286249,0.286106,0.0134803,0.0,0.0,1.1467,0.0,0.655927,518.003,89.6302,308.456,60.9489,3.16153,53.2009,27.8497,6.47072,9.2455,0.137631,0.0301736,0.104933,0.0641625,0.0932198,0.08388,0.0675964
0.526155,0.0348885,0.526317,0.0319087,1.3158,0.291626,0.0,0.586489,0.958187,0.619494,2.43262,0.289418,0.0,0.305578,0.526172,0.0199737,0.0368283,1.80414,1.38894,2.39506,2.49066,0.698312,0.311203,10.0822,0.015934,0.543436,0.502591,0.77332,1.99794,0.28191,1.40412,0.298409,0.755413,0.423986,0.122652,0.0,0.00890702,0.895983,0.0,0.519754,361.015,90.781,57.3248,25.6054,5.78402,34.1346,21.1527,7.63467,9.80949,0.165248,0.20453,0.166516,0.16832,0.0571762,0.110902,0.116353
2.28964,0.0244008,0.618716,0.0,3.55652,0.458184,0.0,1.23577,0.802778,0.119532,4.355,0.677509,0.271861,0.356621,0.320607,0.00976216,0.168978,1.72961,2.52741,2.6065,3.30381,0.664672,1.89977,5.24432,0.00970604,1.22721,0.931665,0.835767,2.67886,0.700777,2.06289,0.0850802,3.72443,0.457151,0.0950692,0.0,0.0109243,0.960507,0.208787,0.722516,274.626,54.363,68.235,17.4807,2.36729,16.5224,20.709,10.6358,7.18162,0.34391,0.22046,0.0,0.0,0.186125,0.0739307,0.34636
0.986774,0.247977,0.919859,0.0737501,3.43981,0.676003,0.0526203,0.969526,0.939466,0.567349,5.03962,0.457883,0.11081,0.430881,0.913236,0.0284268,0.135215,3.59343,3.3468,3.2954,2.0524,0.874519,1.12487,3.93617,0.0409484,1.46329,0.672005,0.749157,2.55887,0.470365,1.56135,0.264217,3.47901,0.61078,0.054229,0.0,0.0659653,1.08042,0.0357899,0.47057,229.175,43.1717,108.718,14.1454,2.30371,11.9237,11.0056,3.96935,9.84207,0.0707605,0.0643543,0.0949328,0.0567686,0.139525,0.135857,0.0189496
0.769643,0.0729343,1.01836,0.204586,2.13837,0.719161,0.0256078,0.777203,1.21216,2.40098,2.77463,0.0894817,0.12823,0.413157,1.29359,0.00884234,0.235051,0.634797,2.12356,3.67531,2.2365,1.48567,0.905991,2.02731,0.0450978,0.944772,0.64676,0.829021,2.52568,0.19694,1.93432,0.416209,1.05374,0.800001,0.110023,0.0,0.0,1.88949,0.0732748,0.51008,221.806,109.404,68.8817,22.5749,4.7956,33.9222,14.629,13.0569,4.46308,0.416057,0.69967,0.685215,0.125168,0.213063,0.444313,0.473439
1.21098,0.129182,0.68892,0.0510922,1.91654,0.487044,0.0,0.823748,0.896452,0.790911,3.03393,0.210006,0.264927,0.313922,0.41856,0.0259526,0.135729,1.31722,1.99196,2.84362,1.42158,0.972023,0.848144,1.24075,0.0427765,0.845741,0.875968,0.705823,1.53503,0.304377,1.29224,0.251514,2.13087,0.460749,0.0553647,0.0,0.0328386,1.55472,0.0,0.360444,190.661,49.6087,38.8702,15.4146,1.7169,20.6016,8.12173,10.6496,3.7968,0.367281,0.254001,0.0953494,0.0806446,0.62542,0.154167,0.169616
0.671652,0.0,0.724652,0.0278916,1.70747,0.443541,0.0761456,0.573061,0.711796,0.521389,1.71705,0.133686,0.0999859,0.164814,0.527223,0.0634005,0.0511753,2.08848,1.45216,2.6393,1.46505,0.818721,0.853692,1.39095,0.0335697,0.632588,0.656688,0.667731,1.69918,0.260825,1.28765,0.250956,0.951384,0.269931,0.29874,0.0,0.0467094,1.01836,0.0,0.421737,111.609,44.2038,75.9053,29.6418,3.00976,22.6033,12.6391,10.2004,4.95811,0.178451,0.265357,0.316653,0.029151,0.0462707,0.213942,0.146999
3.19788,0.245987,0.849119,0.0354427,2.1541,0.477981,0.0,0.714907,0.709261,0.688268,3.2327,0.258153,0.0639507,0.374375,1.01698,0.040828,0.143252,0.506918,2.56453,3.58064,1.4498,0.906799,0.934328,1.3909,0.0335747,0.919313,0.721816,0.873057,2.92588,0.415363,1.8029,0.232008,2.08184,0.764415,0.148802,0.0,0.0374455,1.21276,0.0196765,0.440059,229.765,67.075,47.589,12.1999,2.85081,26.0858,14.5985,5.1368,6.68336,0.139155,0.141799,0.0895031,0.0635473,0.0338744,0.109702,0.0972813
0.738293,0.0511842,0.559741,0.115368,1.78145,0.451274,0.0,1.5214,0.653762,0.8578,2.89363,0.263188,0.164457,0.432624,0.696551,0.0877986,0.240424,0.766066,2.29852,3.0494,1.91734,0.792291,0.493287,4.03562,0.0879965,0.871254,0.775716,0.849824,2.01605,0.916857,1.62252,0.272243,1.94232,0.586391,0.196496,0.0738286,0.0771372,1.25468,0.15896,0.454418,178.119,62.6051,84.1909,20.2556,3.01332,19.0828,16.9813,6.65429,13.5439,0.37075,0.390253,0.179722,0.0236838,0.331315,0.243831,0.148485
1.48041,0.108749,0.999067,0.0184041,3.29035,0.374621,0.0,0.850145,0.929009,1.13967,3.96338,0.250102,0.172378,0.562698,1.19511,0.0282388,0.536913,0.279071,2.8112,4.00972,2.16614,1.23234,1.23879,1.36831,0.0,1.22581,1.1329,1.05523,3.06196,0.974907,2.30991,0.424951,1.55514,0.737492,0.1024,0.0,0.060819,2.06083,0.0781228,0.62683,441.07,85.7601,39.7644,25.8747,4.60997,60.1771,27.5966,9.87791,3.96988,0.514988,0.248954,0.14606,0.0451555,0.160262,0.255753,0.449669
0.503106,0.0489899,1.31115,0.0,4.23817,1.07981,0.0,1.57682,1.05101,1.08891,4.14847,0.183179,0.175833,0.208345,0.721752,0.0,0.516746,1.60715,3.76467,3.60117,2.95864,1.21862,0.676104,1.60571,0.0,1.31653,0.696172,0.842035,3.16994,0.760357,1.75766,0.275112,1.06555,0.424578,0.189699,0.0,0.0112976,2.06029,0.0,0.726508,599.219,88.1258,55.9459,15.4341,5.449,37.7953,32.849,8.74256,11.5922,0.655376,0.370512,0.213258,0.109289,0.355194,0.203773,0.203007
0.998864,0.189006,0.715855,0.0,2.5236,0.336927,0.0315784,0.854417,0.729167,0.585387,3.49982,0.237436,0.103669,0.353787,0.890172,0.0167608,0.0199416,1.80579,2.64595,3.60356,2.53933,0.810476,0.641234,2.02219,0.0207435,0.824705,0.697205,0.806679,3.60341,0.831912,1.40357,0.401946,2.7163,0.553539,0.108767,0.0,0.0216822,0.674539,0.0125081,0.389592,96.5579,30.4771,28.4401,17.0376,2.09368,18.8071,15.1386,8.59128,6.19064,0.710536,0.825497,0.346801,0.0665338,0.983684,0.158611,0.345378
1.05769,0.087714,0.660904,0.0,3.57139,0.851842,0.0,0.741641,0.956704,0.637783,4.0844,0.469947,0.0,0.138709,0.939936,0.114306,0.681604,2.32784,3.29427,3.58673,2.44405,1.03194,0.731122,2.61314,0.0,1.04222,1.2679,1.35691,2.68872,0.202939,2.38018,0.360298,2.18587,0.871442,0.217881,0.0,0.0,1.66777,0.0,0.887334,374.855,88.9562,204.333,22.6469,3.99445,54.474,23.1541,7.0242,3.61457,0.174704,0.293929,0.124685,0.0,0.0,0.122319,0.0878973
1.21594,0.0,0.860233,0.0555402,1.57494,0.493561,0.0,0.542718,0.494425,0.533101,1.99457,0.0,0.0,0.527048,0.724955,0.0,0.255471,0.980431,1.17088,2.1119,1.39166,0.957793,1.02235,1.4591,0.0284409,0.458211,0.61262,0.428682,1.38496,0.128076,1.24094,0.32863,1.3597,0.387934,0.215177,0.0,0.0,1.00357,0.0,0.375198,197.481,62.4941,22.7975,11.1522,1.6897,9.47861,10.9328,3.9606,2.39343,0.104694,0.0548089,0.212567,0.0,0.169594,0.107837,0.09433
0.308165,0.0,0.430955,0.0,0.854245,0.263891,0.0,0.371519,0.578162,0.488407,0.925014,0.184642,0.0979581,0.1327,0.486578,0.0,0.19578,0.856885,0.751637,1.24509,0.745441,0.460039,0.291263,2.17296,0.0,0.172753,0.41427,0.151557,0.903181,0.265906,0.69292,0.202492,0.320872,0.263416,0.0,0.0,0.0,0.686772,0.0,0.318988,125.024,52.3001,25.522,13.498,1.80772,14.0462,4.25112,2.6824,2.33964,0.113186,0.190991,0.144438,0.0563326,0.251871,0.0,0.0955164
0.34732,0.0,0.545359,0.0,1.49376,0.224269,0.0,0.312447,0.620724,1.01071,2.19572,0.0,0.0,0.0610824,0.631663,0.0208615,0.311986,0.527294,1.20508,2.54534,1.20537,0.60702,0.501586,3.24071,0.0330582,0.446728,0.84729,1.29803,2.43922,0.147079,1.3936,0.318635,1.07005,0.318704,0.258376,0.0,0.0,1.13126,0.0759001,0.821285,256.886,61.8642,12.5779,16.3836,3.95909,41.2442,15.8205,4.11481,4.81287,0.361775,0.555701,0.20957,0.0,0.393116,0.266617,0.052271
2.3541,0.127335,0.787297,0.0,4.12801,0.288712,0.0,1.66301,1.13206,0.362776,4.27579,0.145329,0.208218,0.510732,1.48981,0.0520008,0.325932,4.01218,2.81504,4.26139,1.35867,1.25889,1.89149,1.12531,0.0861894,1.48431,0.957342,0.822032,3.23777,1.51574,1.49405,0.245883,3.39937,0.78376,0.32457,0.0,0.31513,0.977375,0.432084,0.534778,58.022,11.1772,20.6352,3.1368,4.24487,18.1861,16.4891,5.0216,2.11958,0.0757101,0.089686,0.114505,0.0,0.110848,0.0609521,0.0
0.603648,0.0824902,0.666977,0.0,1.37229,0.273409,0.0,0.445897,0.756113,0.325363,2.34639,0.147363,0.291959,0.303156,0.498844,0.129939,0.55692,1.11901,1.47216,1.79298,1.02156,0.558586,0.222519,2.80889,0.30213,0.604836,1.10396,0.81755,1.6316,0.105541,1.75184,0.260471,1.29476,0.372278,0.516039,0.0598312,0.0877386,0.534686,0.483225,0.466031,268.148,47.7864,32.6947,15.3789,1.94173,18.2332,20.2865,12.8306,6.09689,0.245376,0.249157,0.0466974,0.089463,0.400246,0.315324,0.113002
0.541905,0.0,0.195732,0.0795489,2.50663,0.134593,0.0,1.71487,0.534104,1.24486,2.20047,0.0,0.0,0.313208,0.126343,0.0757099,0.357883,0.595359,1.73229,2.30802,2.18904,0.84526,0.429378,3.68741,0.0281667,0.70189,0.871121,0.688343,2.5612,1.26867,1.34519,0.0840654,0.597724,0.52345,0.265504,0.0,0.0448504,1.35048,0.0,0.84295,499.119,79.5904,204.715,37.8173,2.80006,23.9088,32.9017,6.89917,21.5553,0.13463,0.172623,0.156212,0.220254,0.283111,0.0,0.243776
0.985634,0.233675,0.571575,0.0551978,2.942,0.352908,0.0,2.02257,0.575904,0.57238,3.51896,0.820431,0.489636,0.382894,1.41522,0.0506357,0.255463,3.58837,2.56503,3.0968,2.0511,1.00942,1.01416,1.8195,0.151365,1.02847,1.12187,0.829428,2.3513,0.404148,1.78747,0.387966,1.42085,0.498895,0.407749,0.07949,0.0,1.44658,0.0,0.242372,330.933,86.7746,109.715,17.974,3.08493,23.219,19.7773,9.97384,6.13232,0.0836838,0.0190506,0.0559891,0.0,0.509108,0.127133,0.0
1.66397,1.12441,0.173916,0.0,4.67481,0.0,0.0,0.449273,0.603429,1.39172,5.05495,0.0,0.0,0.340548,1.65154,0.0,1.68439,0.0530705,3.05405,4.68391,1.68695,0.866856,0.784794,1.81549,0.0,1.72813,0.832728,0.672679,3.34027,0.717549,2.28778,0.0,1.42519,0.590541,0.0,0.0,0.0,0.660987,0.0,1.72336,188.248,15.0358,44.6039,29.6481,2.86422,20.9772,36.7399,4.58908,5.27685,0.229306,0.193795,0.0,0.416002,0.0,0.0,0.0929186
0.949681,0.0,0.0,0.0,1.16018,0.0,0.0,1.36387,0.364862,0.247421,1.92533,0.413293,0.0,0.54869,0.428049,0.139466,0.213043,1.55933,1.13764,1.5096,0.853671,0.909522,0.354371,0.571145,0.0,0.95817,0.581445,0.799931,1.01661,0.0,1.18235,0.0812788,1.51507,0.876633,0.030475,0.0,0.0,1.09558,0.0,0.425331,244.229,42.2383,13.1719,14.7189,1.43317,10.3388,9.55654,5.81123,4.00752,0.242016,0.570656,0.0,0.434627,0.285527,0.126766,0.187281
2.90589,0.153278,0.850093,0.0823148,3.69809,0.513371,0.0,0.855719,1.69125,0.885397,3.206,0.533233,0.4079,0.538993,1.30909,0.0802661,0.362045,0.277509,3.09204,4.05368,2.94806,1.30521,0.782411,0.892584,0.0119681,0.998212,0.744235,1.08465,2.81706,0.701953,1.84156,0.311669,0.726649,1.03996,0.387091,0.0,0.0136233,2.52294,0.0739247,0.92813,430.041,118.072,422.889,29.528,4.02978,71.013,24.0428,7.5728,15.1394,0.315743,0.122195,0.0,0.081687,0.554296,0.18952,0.0
1.61222,0.356416,0.841668,0.0,2.83362,0.671106,0.0,2.28275,0.85554,0.616204,2.57119,0.0,0.0,0.578432,0.363675,0.305182,1.23666,0.378921,2.56079,3.22158,1.85395,1.60118,0.315732,2.12627,0.0,0.899224,1.18223,2.26785,2.20381,2.4147,1.62155,0.623285,0.412561,0.662554,0.0,0.0,0.0,1.23489,0.0,0.372753,812.613,79.6977,108.902,22.3569,3.43303,26.3624,20.5564,9.64099,12.186,0.509466,0.907807,0.600289,0.0,2.1085,0.0519868,0.114377
0.641653,0.0,0.35245,0.0,2.4703,0.315788,0.0,1.06646,0.351323,0.498256,3.07719,0.0,0.0,0.363279,0.564517,0.0711768,0.600863,1.33907,2.09143,2.0399,1.12447,0.745527,0.839677,1.25273,0.0,0.774316,0.434061,0.583893,1.28864,0.611032,1.51898,0.169919,0.815499,0.540004,0.170356,0.0,0.0,1.10519,0.0439824,0.89951,740.446,61.1861,50.7627,31.2546,3.5853,26.6546,32.6055,2.58537,9.20106,0.18368,0.188765,0.114785,0.0,0.0536197,0.496566,0.0288298
0.879178,0.0,0.40058,0.0,1.39631,0.359915,0.0,1.24915,0.0748929,0.173745,3.63438,0.422395,0.598718,0.0,0.195166,0.0,0.602033,5.25889,2.746,3.23435,1.86737,0.610121,0.708724,3.66276,0.241666,0.930128,0.427806,0.920707,1.91374,0.378153,1.37412,0.117763,4.3306,0.641789,0.0732756,0.0,0.0436804,1.14143,0.167201,0.400151,244.628,41.4248,89.2417,18.6702,1.98514,12.1791,10.4552,4.6127,2.99643,0.0905013,0.181732,0.0,0.0,0.194308,0.0381666,0.0204372
0.0971524,0.568497,0.234013,0.035395,0.552811,0.16289,0.157485,0.335165,0.426237,0.109938,1.03289,0.36073,0.0259114,0.668867,0.277455,0.0973166,0.0574149,0.531727,0.797435,0.848855,0.848912,0.272581,0.287302,2.22596,0.229765,0.391055,1.07627,0.418672,1.26606,1.02369,0.979864,0.112815,0.276886,0.177354,0.672148,0.16636,0.239799,0.31551,0.523439,0.567268,186.952,41.1188,19.7572,20.1651,0.770978,6.21177,4.37885,2.98186,1.783,0.203311,0.214639,0.227985,0.0290283,0.753819,0.317404,0.44213
0.645625,0.0571581,0.830116,0.0991224,3.03242,0.10483,0.0,0.700015,0.585044,0.304889,4.31311,0.163819,0.17879,0.638077,0.874549,0.0531369,0.429166,0.260605,4.03957,3.70942,2.75764,0.624639,0.227695,1.01181,0.0189619,1.05593,0.452017,0.896499,2.40626,0.828608,1.38469,0.217567,0.915966,0.354038,0.0726883,0.0170468,0.00634305,1.57843,0.0289898,0.735794,843.009,110.682,64.8782,41.6253,4.85588,55.6486,34.261,3.60222,11.5904,1.52371,0.290925,0.376186,0.0584087,0.293042,0.230355,0.21357
1.35519,0.104644,0.774942,0.0475477,2.62922,0.562195,0.0819802,2.0162,0.678167,0.626642,3.77424,0.367112,0.217018,0.258387,0.547809,0.00748208,0.0557024,1.41317,3.80112,5.31746,2.35665,0.874322,0.566946,7.25332,0.0621604,1.40241,0.657651,1.03121,3.06692,1.54467,2.18748,0.187624,1.84682,0.728098,0.279438,0.0,0.0751979,1.06406,0.0562679,0.74271,514.317,71.3249,357.319,29.2275,2.91918,30.5638,19.9174,19.9304,35.8,0.517115,0.373761,0.170991,0.127043,0.714622,0.154725,0.190632
1.91065,0.0,1.14571,0.150413,2.45549,0.686891,0.0,1.69649,1.44009,1.26549,4.18424,0.333262,0.170975,0.303515,1.38028,0.0,0.0,2.24841,2.95715,4.08638,3.03051,1.2393,1.07088,1.71666,0.0,1.29746,0.931846,1.13512,2.04207,0.35814,1.57817,0.113913,2.14587,0.490475,0.130839,0.0,0.0,2.82508,0.0764263,0.433424,205.95,69.1134,90.501,17.046,3.4243,30.9694,11.7142,7.68064,4.50836,0.158228,0.13431,0.130603,0.148972,0.0,0.0654315,0.0
0.740779,0.167576,1.1255,0.0574888,1.9178,0.707312,0.0,0.87433,1.02296,1.09335,2.88062,0.0,0.197364,0.446266,0.568445,0.0177735,0.0675157,1.18955,1.58685,3.21009,1.86723,0.953411,0.756088,1.67517,0.0299089,0.570244,0.550455,0.936819,1.97591,0.666342,1.38353,0.16659,1.33253,0.706679,0.138719,0.0,0.0,1.80632,0.0,0.320522,324.428,80.4317,118.39,16.0299,2.95661,28.671,16.0442,8.54399,3.65756,0.157497,0.21585,0.0700096,0.0,0.156457,0.138578,0.183446
0.687644,0.112358,0.730039,0.0800793,2.31537,0.712434,0.0,1.72235,0.802947,0.630046,3.00862,0.0,0.731456,0.388528,0.284723,0.0367481,0.0,4.9398,3.14189,3.46892,2.44981,0.918984,0.568081,8.76607,0.142001,1.01957,1.05261,1.47275,2.50491,0.179623,1.49547,0.13907,1.2894,0.99457,0.027102,0.0,0.0,1.50184,0.0,0.623156,286.892,83.1597,303.535,25.1803,4.25888,29.9352,19.5195,12.9126,11.7266,0.297084,0.172283,0.179747,0.0,0.427235,0.08279,0.0270994
0.899431,0.256191,0.687201,0.0,2.84297,0.356437,0.0,1.48263,1.11683,0.811421,3.95076,0.0,0.0588414,0.452558,0.848135,0.0840825,0.0,4.81782,2.77933,4.21103,1.56304,1.61867,0.723059,2.24599,0.355295,0.987033,1.24541,1.72729,2.86513,0.307646,2.22238,0.422238,2.15035,1.15691,0.0887499,0.0,0.0324284,2.04156,0.0,0.426554,161.854,35.0715,128.584,41.6823,3.59742,37.6046,22.4242,5.58285,8.73121,0.296849,0.194525,0.349209,0.086611,0.178029,0.174468,0.0999741
0.592896,0.0,0.555524,0.0950914,2.16313,0.656834,0.0,3.19949,0.838695,1.16277,3.039,0.0,0.433414,0.39818,0.705816,0.025746,0.111721,0.238818,2.18222,2.92168,4.06412,0.762005,0.590714,7.28238,0.178853,0.930002,0.51651,0.46251,2.94783,4.90397,1.4645,0.403082,1.15749,0.452968,0.0826777,0.0,0.0765822,1.64527,0.0,0.487344,432.773,65.8556,215.705,24.0358,2.49546,21.4956,16.7586,13.0257,29.0391,0.1598,0.0939329,0.0,0.0392452,0.134689,0.310413,0.14253
1.18936,0.0693831,0.835387,0.247755,2.91954,0.559036,0.0,0.868159,0.684258,1.01255,2.88682,0.055543,0.158377,0.488138,0.526022,0.0484245,0.143832,0.124552,3.0199,4.24151,2.34864,1.10408,0.31776,11.6629,0.129476,1.08396,0.668297,1.36131,2.14044,0.0346387,2.1164,0.242729,0.689321,0.809351,0.227264,0.0156616,0.039708,2.01079,0.0535706,0.58767,260.635,53.5967,29.0046,72.8444,3.42625,41.1327,42.862,7.92168,15.5092,0.376694,0.846723,0.397196,0.218733,0.595091,0.459128,0.279617
0.973175,0.398157,0.898115,0.0,2.08683,0.0927676,0.0,0.334977,0.779079,0.496877,2.64673,0.425344,0.03295,0.3774,0.621525,0.0928389,0.292016,0.427925,2.05275,1.53223,1.40835,0.600955,0.814278,1.52209,0.0467449,0.94143,0.562069,0.676858,1.98685,0.566102,1.61209,0.185013,2.36597,0.174089,0.106515,0.0,0.00535553,0.627586,0.0,0.592367,269.151,38.1601,36.151,25.6075,2.47385,21.779,11.3626,9.00455,4.12303,0.226095,0.219819,0.0621345,0.0,0.161109,0.220015,0.0307694
0.788144,0.270651,0.540509,0.0157432,2.56025,0.512005,0.0275027,0.694072,0.547459,0.468043,3.5391,0.512448,0.263281,0.346734,0.629049,0.00949113,0.53801,5.35015,2.58523,2.97103,1.85922,0.809581,0.566712,1.48875,0.0134389,1.0402,1.41245,0.886235,2.54112,0.400602,2.02253,0.313301,1.40174,0.57989,0.280563,0.0,0.0394516,1.10749,0.0268756,0.671241,270.785,59.9641,82.5608,15.0995,2.78719,36.5715,17.5577,4.02133,2.69795,0.0668843,0.102974,0.15963,0.0258114,0.0695912,0.202021,0.0488183
1.20758,0.481558,0.599156,0.0669347,3.09596,0.580795,0.0,0.593194,0.800336,0.499169,3.92648,0.721632,0.127481,0.384702,0.764201,0.075605,0.0902458,1.05063,3.28846,2.39797,2.40959,0.530128,0.373804,4.94343,0.0326749,1.39386,2.12353,1.45844,3.87989,0.517312,2.77897,0.27201,2.6692,0.65154,0.547488,0.0125456,0.0206785,0.994775,0.0807332,0.64659,524.077,84.0098,412.332,69.3647,4.81847,39.1156,40.4145,23.3938,22.2293,0.321832,0.275383,0.220782,0.0842147,0.219745,0.354666,0.0694126
0.291861,0.0505863,0.178193,0.0808085,0.991033,0.043039,0.0,0.296145,0.220745,0.115113,1.18367,0.0643545,0.0,0.148423,0.235426,0.0,0.0278454,1.21156,0.867304,0.833918,0.613973,0.328754,0.165283,1.57718,0.0304933,0.271367,0.865342,0.332281,0.394657,0.281794,0.751044,0.0334607,0.318066,0.117832,0.250266,0.0,0.00681294,0.366565,0.0128689,0.118673,116.755,29.0668,20.4877,7.95045,1.02319,12.5093,7.37612,3.64812,1.79292,0.0451597,0.0243482,0.0971904,0.0,0.130348,0.079059,0.0946371
0.722022,0.101336,0.420831,0.0,0.638647,2.83032,0.0,1.38109,1.90387,3.32433,2.64231,0.472851,0.0,0.120136,1.86268,0.0,1.48629,0.254445,1.28675,17.4474,2.47078,2.77575,5.72092,1.25883,0.0487991,0.454722,0.62918,0.904251,0.243714,0.458135,0.0928994,0.356935,0.650198,0.324994,0.13412,0.0324952,0.00362902,15.6096,0.00304644,0.939831,2403.89,357.784,50.9277,14.8054,1.20237,15.8051,10.9373,3.44329,1.88828,0.116598,0.0296995,0.0431606,0.0205653,0.0257063,0.264704,0.0538421
0.536274,0.450609,0.823941,0.13023,2.69552,0.555554,0.0,0.560935,0.825892,0.391826,3.2537,0.294397,0.146592,0.497058,0.752438,0.0080995,0.0,0.465154,1.56745,3.09214,2.24092,0.775415,0.144315,4.70628,0.0409118,0.866501,0.685102,0.579528,3.16273,1.90339,2.13882,0.415881,0.819135,0.713536,0.0524061,0.0,0.0621781,1.13269,0.121014,0.822303,434.18,104.44,202.419,41.3519,6.86506,38.2552,32.2594,10.021,17.4461,0.609806,0.441132,0.465141,0.136843,0.520608,0.257585,0.21409
0.64397,1.68995,0.79929,0.0,1.85115,0.0,0.0,0.586544,0.311422,0.241107,2.95847,0.0741726,0.0,0.287807,0.684048,0.0,0.0,3.06839,2.05607,2.83092,1.59853,0.936325,0.990624,1.71696,0.0206859,0.554489,0.67434,0.598034,2.90749,0.395712,1.21385,0.288553,1.6999,0.257285,0.316104,0.0,0.0,0.897457,0.0,0.51874,105.371,22.9108,29.5827,11.9731,2.99539,15.0079,7.87458,2.90587,3.98438,0.0327657,0.0932693,0.0,0.0,0.3703,0.0713293,0.0552553
1.11997,0.21501,1.11545,0.0380294,4.23837,1.41359,0.0329804,0.816237,1.05751,1.1164,3.3838,0.537148,0.138234,0.432969,1.45209,0.0,0.478362,1.58553,2.28824,5.48074,2.13246,1.06303,1.33096,2.88855,0.00539338,1.01616,0.773888,0.658902,3.48143,0.662732,1.81557,0.28511,1.69812,0.631376,0.157147,0.0,0.0224903,1.73905,0.0367977,0.580554,810.285,90.835,89.3674,15.6476,3.45472,53.5487,26.5199,5.74088,5.59227,0.243558,0.188893,0.169816,0.0622734,0.136214,0.17823,0.047876
1.7325,0.194743,0.628621,0.012826,1.98624,0.489274,0.0,0.679256,0.757593,0.610864,3.03048,0.176491,0.137645,0.315267,0.858642,0.0428254,0.296914,2.52276,2.09712,3.22094,1.65739,1.01061,1.34788,1.76221,0.0284441,0.831857,0.880689,0.671743,2.57373,0.439224,1.50488,0.2601,1.76748,0.653977,0.186303,0.0,0.0296937,1.29819,0.0123666,0.445562,257.229,76.6017,31.0439,13.0702,3.02882,17.7623,15.0402,4.84346,2.94075,0.141455,0.266941,0.0916643,0.0443499,0.128207,0.124733,0.127256
1.54499,0.199456,0.619154,0.037621,2.09938,0.630866,0.0,0.689162,0.565799,0.681941,3.95201,0.281211,0.183557,0.318295,0.640535,0.0188052,0.320713,1.21376,2.12609,3.32473,1.81561,0.790486,0.909209,1.49646,0.0624382,0.970159,0.800229,0.952265,2.49428,0.258394,1.55372,0.306995,2.39131,0.572935,0.161513,0.0,0.0115712,1.35897,0.132831,0.397373,205.522,46.6391,44.4194,15.9297,2.13703,24.8183,9.57945,13.3832,4.38489,0.339292,0.244674,0.1943,0.0438391,0.410165,0.0619313,0.160704
0.851733,0.282596,0.927351,0.138506,2.19312,0.903277,0.0,0.792599,1.00263,2.16766,3.6557,0.25998,0.231081,0.569646,1.13299,0.00879648,0.279374,0.72633,2.54881,3.92885,2.20901,1.07397,0.765925,2.41839,0.0296327,1.18365,1.26808,1.14556,3.39574,0.235941,2.10427,0.522183,1.21909,0.72119,0.151304,0.0,0.0150493,1.47256,0.0461322,0.564534,226.996,91.0368,72.7492,22.3776,5.61429,42.0792,19.5364,15.5322,4.92847,0.522199,0.906448,0.375157,0.0681674,0.485303,0.4245,0.41087
1.31716,0.217306,0.948066,0.0580941,3.27554,0.652577,0.0,1.50412,0.85156,0.957711,4.3997,0.296097,0.160196,0.274958,0.624639,0.0284224,0.19647,2.38792,3.20913,3.56741,1.97225,1.06781,1.04125,1.7542,0.080293,1.18414,1.12845,1.46918,2.78144,0.350098,1.93865,0.352842,2.02819,0.548493,0.187589,0.0,0.00434885,2.36393,0.136433,0.800751,193.264,54.3782,80.475,15.4885,3.63329,30.5549,14.0544,8.24514,4.56403,0.158193,0.143847,0.203213,0.0784186,0.174841,0.0715902,0.15912
0.801572,0.0822587,0.902528,0.0282998,2.36535,0.407672,0.0,0.454124,0.587958,1.14049,3.18062,0.0700945,0.0257024,0.19242,0.61258,0.0181651,0.382373,1.15773,1.98141,2.88331,1.90776,0.88241,0.736161,4.95677,0.050324,1.00358,0.69727,0.903981,3.69354,0.559117,1.89584,0.481036,1.41461,0.697715,0.142138,0.0,0.0,1.18799,0.0278252,0.754577,366.038,70.4445,21.9208,20.4361,6.16344,60.7834,29.2723,5.48678,6.55301,0.552069,0.802995,0.284703,0.0515373,0.64413,0.344805,0.325674
