,ZC3H14,SLTM,HSD11B1L,TMEM176B,CADM3,RGAG4,CNTF,LIN7A,PRR15,C1QTNF7,CD109,SYT17,RPS10,TOP2B,RBBP7,UBE2G1,RHOC,ARMC4,CASP5,CHRD,CHCHD6,ANXA6
GSM1817906,0.46116728531879386,-0.5220720216434822,-1.035641048743611,-0.46116728531879275,1.241599379835335,0.3155571131805797,-1.0356410487436114,1.132629877363148,-0.8275632846762049,1.082865719899608,-0.013496592744814937,-2.026561886444788,0.44621249627104187,1.439735307788287,-2.026561886444786,1.5201467344210546,5.206933404989618,0.06753206734873646,0.65027252423014,-0.7901603424971239,0.2314799201147507,0.4913924280883637
GSM1817907,-1.0828657198996066,1.03564104874361,-0.09461385000571354,0.6502725242301406,0.23147992011475094,-1.082865719899605,0.6172946605313825,-0.43135655792066113,0.2592957200423335,-1.1853602514463202,0.683971162555656,0.5849730479589751,0.49139242808836836,5.206933404989621,-1.1326298773631462,-1.3676637132101859,1.7192764165835241,0.5532496597076946,0.4313565579206616,-0.23147992011475518,-0.2873130463165961,-0.20384159360708257
GSM1817908,-1.3676637132101845,-0.7538284716805244,-1.8512969419333174,0.06753206734873708,-0.5849730479589746,1.3676637132101865,2.3023509502334507,0.6839711625556565,-0.20384159360708198,0.6839711625556573,1.851296941933318,0.09461385000571396,0.23147992011475144,0.5849730479589781,1.8512969419333194,0.6172946605313809,-0.09461385000571448,-0.17635768526827855,0.990613724717916,0.12176501233057865,-0.3440544781359121,-0.5849730479589791
GSM1817909,-0.6172946605313817,-0.1490059890758265,-0.7184627414058254,0.7901603424971193,5.206933404989618,0.4611672853187954,0.31555711318057833,0.17635768526827894,-0.34405447813591544,0.2592957200423373,0.25929572004233603,-0.01349659274481532,-1.4397353077882833,-2.302350950233503,-0.28731304631659554,-0.01349659274481585,0.14900598907582488,-0.3440544781359126,1.851296941933318,0.8661579011539888,-1.0828657198996063,0.4313565579206581
GSM1817910,0.09461385000571486,1.367663713210183,-0.12176501233058264,-0.0404995889602809,0.2873130463165974,-1.367663713210183,0.25929572004233675,-0.6172946605313818,-0.6839711625556589,-1.2415993798353326,-0.2873130463165969,0.20384159360707854,0.09461385000571586,0.8275632846762048,-1.8512969419333172,0.013496592744813555,0.49139242808836703,-2.026561886444787,1.0356410487436116,0.5532496597076895,-1.0356410487436114,0.3440544781359094
GSM1817911,-0.09461385000571416,-0.6839711625556578,-0.5220720216434797,0.4611672853187942,0.040499588960282225,-0.28731304631659477,-0.20384159360707874,0.49139242808836725,-0.28731304631659943,0.12176501233058477,0.9060839546267636,0.6839711625556557,0.04049958896028269,-0.31555711318057555,-0.5220720216434794,-0.7184627414058274,0.09461385000571454,-0.6172946605313819,-0.6336976928606591,0.5220720216434754,0.522072021643481,0.9060839546267605
GSM1817912,-1.4397353077882842,1.3020528550238804,0.20384159360708007,-0.09461385000571379,-0.990613724717915,0.23147992011475202,0.9906137247179164,-0.14900598907582457,-0.5532496597076972,1.1326298773631487,-0.31555711318057816,0.1490059890758243,0.8859448997476324,0.8661579011539963,-0.25929572004233525,-1.5201467344210562,-0.9475048819939876,0.65027252423014,1.1853602514463224,0.1490059890758199,-0.6502725242301396,-0.8275632846762054
GSM1817913,1.3020528550238823,-0.7901603424971205,1.2415993798353357,-1.2415993798353335,1.3676637132101852,0.4913924280883689,-0.372833245869082,0.866157901153994,0.1490059890758221,0.8275632846762034,0.4019232985650878,0.1763576852682781,0.13537297969854178,-0.8275632846761997,-0.9475048819939865,0.20384159360707801,0.28731304631659654,0.17635768526827877,0.040499588960281566,-1.8512969419333234,5.206933404989619,-0.040499588960284945
GSM1817914,0.9906137247179163,0.584973047958974,0.013496592744815602,0.20384159360707982,-1.1326298773631465,0.5849730479589775,-0.49139242808836653,1.3020528550238823,0.09461385000571176,-0.6839711625556547,1.082865719899607,-0.2314799201147508,-2.0265618864447856,1.7192764165835266,0.46116728531879464,1.6117604804485852,0.3440544781359127,-0.5849730479589756,-0.4019232985650876,0.6502725242301349,-0.2592957200423358,-0.5220720216434839
GSM1817915,0.7184627414058268,0.6502725242301417,0.5532496597076954,0.040499588960282065,-1.035641048743611,-0.14900598907582294,1.2415993798353353,-0.5220720216434803,-0.9906137247179189,1.1853602514463235,-1.5201467344210553,-5.206933404891632,-1.0828657198996057,1.8512969419333205,0.013496592744815772,-1.1853602514463226,1.851296941933318,0.4611672853187936,-0.6336976928606591,-0.10817949123228565,0.40192329856508857,-0.753828471680526
GSM1817916,0.49139242808836736,-0.34405447813591433,0.9906137247179169,1.3676637132101854,0.43135655792066224,0.4019232985650899,0.3440544781359132,-0.40192329856508774,-0.6502725242301429,-5.206933404891629,0.1763576852682785,-0.7184627414058269,-0.40192329856508663,-0.14900598907582244,-0.990613724717915,1.3676637132101837,0.6839711625556563,-1.4397353077882844,-0.5532496597076941,-1.2415993798353393,-0.4313565579206608,-0.09461385000571783
GSM1817917,-0.25929572004233603,0.46116728531879186,0.23147992011475108,0.17635768526827938,-0.9060839546267626,-0.013496592744812849,0.28731304631659704,0.20384159360707937,-0.7538284716805255,-0.12176501233058239,0.5220720216434802,-0.2873130463165972,-5.20693340489163,-1.0828657198996046,0.7184627414058276,0.09461385000571343,-0.617294660531382,0.01349659274481473,0.7184627414058266,0.37283324586907757,-0.23147992011474966,0.4611672853187902
GSM1817918,5.206933404989618,2.026561886444788,0.34405447813591367,-0.8275632846762014,-0.013496592744813879,1.4397353077882866,-1.132629877363147,-0.7538284716805225,-0.5220720216434833,-0.9060839546267623,-1.6117604804485859,-0.06753206734873692,-0.9060839546267624,2.026561886444763,-1.4397353077882833,2.302350950233504,-1.719276416583524,-0.3155571131805779,0.8661579011539938,1.082865719899599,0.5690399756842063,0.17635768526827533
GSM1817919,-1.6117604804485854,0.12176501233058197,-0.9906137247179152,1.5201467344210564,-1.6117604804485848,-1.2415993798353324,0.2038415936070796,-0.28731304631659643,-1.241599379835337,0.23147992011475124,-0.6172946605313823,-0.9906137247179166,-0.3014051110861681,0.7538284716805254,1.241599379835336,0.4913924280883659,-0.40192329856508796,-0.23147992011475013,-0.9060839546267633,1.5201467344210478,-0.4019232985650874,1.6117604804485828
GSM1817920,0.7538284716805232,0.14900598907582321,0.6502725242301408,-0.3155571131805773,2.3023509502335093,0.12176501233058554,0.013496592744815137,0.906083954626764,-0.7901603424971216,1.302052855023883,-0.06753206734873653,-0.8275632846762027,-0.7011129892122171,-0.553249659707692,0.771867413498487,-1.2415993798353353,-0.5849730479589758,0.09461385000571461,0.6839711625556563,-0.040499588960286576,-0.8275632846762015,0.3155571131805745
GSM1817921,1.367663713210185,-0.6502725242301418,1.302052855023883,0.14900598907582557,-0.06753206734873546,-0.23147992011474833,1.3676637132101852,0.3728332458690828,2.3023509502334942,-0.2592957200423351,0.4611672853187933,1.7192764165835237,1.6117604804485874,-0.5849730479589733,1.7192764165835255,-0.31555711318057905,0.013496592744814658,-0.4019232985650879,1.302052855023882,0.31555711318057283,-2.302350950233505,-0.906083954626767
GSM1817922,0.584973047958976,1.439735307788283,0.7538284716805238,1.0356410487436125,0.01349659274481552,2.0265618864447914,-0.7184627414058259,0.46116728531879375,-0.40192329856509074,0.8661579011539948,0.23147992011474994,0.9060839546267633,0.8859448997476324,1.241599379835337,-0.2038415936070781,5.206933404989617,0.12176501233058364,0.04049958896028144,-0.6839711625556557,1.0356410487436067,1.1326298773631482,1.7192764165835208
GSM1817923,-0.431356557920661,0.34405447813591106,2.0265618864447905,-0.753828471680522,0.31555711318057866,-1.03564104874361,0.12176501233058411,0.7184627414058267,-1.6117604804485886,0.14900598907582602,0.12176501233058344,0.013496592744814084,-1.6117604804485846,-0.9906137247179136,-1.1853602514463204,1.4397353077882837,-0.4611672853187934,-0.5532496597076944,-0.20384159360707899,-1.1853602514463266,-0.6839711625556556,-0.6839711625556595
GSM1817924,0.40192329856508835,-0.3728332458690842,1.1326298773631487,-0.5532496597076938,1.0356410487436123,-0.20384159360707732,-2.302350950233505,-1.3676637132101845,0.9906137247179132,-2.026561886444785,5.206933404989618,0.34405447813591217,1.7192764165835255,-1.5201467344210529,1.3676637132101859,0.06753206734873528,-0.7901603424971189,-1.3676637132101848,-0.3440544781359124,-1.3676637132101899,-0.01349659274481418,-0.176357685268282
GSM1817925,-1.851296941933318,-0.1763576852682803,-0.14900598907582388,0.3155571131805785,0.7901603424971196,-1.6117604804485839,0.14900598907582535,0.7901603424971192,0.43135655792065863,1.4397353077882857,1.302052855023882,0.4913924280883665,-0.7901603424971175,0.3440544781359151,-0.6172946605313809,-1.6117604804485868,0.4313565579206614,1.1326298773631478,-0.1490059890758246,0.990613724717911,1.6117604804485868,0.6502725242301366
GSM1817926,-0.6839711625556558,-0.9475048819939893,-0.790160342497118,1.3020528550238828,-0.20384159360707832,-0.7184627414058244,-0.40192329856508746,-1.5201467344210549,0.46116728531878953,0.5532496597076956,0.9906137247179158,0.5532496597076939,1.0828657198996083,-1.6117604804485834,2.026561886444766,-0.5849730479589769,-0.23147992011475022,0.8275632846762024,0.14900598907582505,-1.082865719899612,0.2592957200423368,-0.2592957200423397
GSM1817927,-1.1326298773631471,-0.8661579011539953,0.49139242808836797,-1.1326298773631467,0.12176501233058447,0.3440544781359146,0.2314799201147506,-0.4913924280883668,0.866157901153991,-0.8275632846762008,-0.17635768526827883,5.206933404989617,-0.17635768526827733,-1.0356410487436096,0.5849730479589768,-2.0265618864447883,-0.12176501233058358,0.6172946605313822,0.3440544781359129,-1.4397353077882895,0.8661579011539944,0.04049958896027802
GSM1817928,-0.8275632846762018,1.8512969419333165,0.5849730479589765,-2.302350950233505,1.185360251446323,0.09461385000571644,-0.6502725242301397,1.367663713210185,1.132629877363145,-0.49139242808836575,2.3023509502334933,-0.6172946605313826,-0.9688348927370755,0.09461385000571694,1.0828657198996083,-0.0404995889602827,-0.49139242808836703,-1.0356410487436118,0.5532496597076946,-0.4611672853187984,-2.0265618864447865,-0.947504881993991
GSM1817929,0.12176501233058395,-1.0828657198996086,0.2873130463165975,-0.23147992011474952,-0.12176501233058269,1.85129694193332,1.5201467344210562,-0.7901603424971186,-1.3676637132101876,1.0356410487436127,1.2415993798353346,-0.7538284716805232,-0.10817949123227935,0.4019232985650904,-1.3676637132101837,0.7538284716805218,2.3023509502335013,0.6839711625556564,1.2415993798353344,0.790160342497114,0.2873130463165971,1.3676637132101812
GSM1817930,1.520146734421056,-0.067532067348738,-5.20693340489163,1.1326298773631485,-0.25929572004233536,1.1853602514463244,-0.5849730479589753,0.9906137247179162,-0.9475048819939904,-0.013496592744813574,0.8661579011539936,-0.553249659707695,-0.5375957070180907,-0.06753206734873393,0.04049958896028248,1.302052855023881,-0.3728332458690825,-0.2592957200423363,0.9060839546267638,0.20384159360707416,0.3728332458690831,0.0946138500057112
GSM1817931,-0.7538284716805224,-5.2069334048916325,2.3023509502334947,-0.12176501233058289,-0.7184627414058253,-0.6172946605313802,-0.23147992011474974,1.035641048743612,0.28731304631659377,-1.439735307788283,-1.2415993798353344,-0.461167285318794,0.5532496597076958,-1.851296941933316,-0.683971162555655,1.0356410487436107,0.23147992011475013,-0.8661579011539935,0.5220720216434805,-1.5201467344210602,2.026561886444759,-0.4313565579206647
GSM1817932,-5.206933404891631,0.49139242808836536,-1.4397353077882835,-0.2592957200423357,-0.9475048819939865,-0.4019232985650861,0.8661579011539943,0.040499588960281614,5.206933404989615,-0.46116728531879214,-0.2314799201147504,1.4397353077882842,5.206933404989619,-1.3676637132101825,0.9906137247179171,-0.6502725242301413,-0.31555711318057794,-0.7184627414058262,-0.37283324586908223,-1.035641048743617,1.4397353077882853,0.14900598907582152
GSM1817933,-0.9906137247179158,0.7538284716805213,1.3676637132101856,-0.06753206734873564,0.17635768526827952,-1.8512969419333165,-0.09461385000571401,1.241599379835335,1.3020528550238792,-1.0356410487436105,1.7192764165835241,0.6172946605313815,0.1900817432988235,0.4313565579206638,0.35840686358011203,-0.9906137247179172,1.1326298773631476,-1.3020528550238808,-1.1853602514463213,-0.31555711318058294,-0.7184627414058258,-1.3020528550238843
GSM1817934,0.2592957200423366,0.09461385000571287,-0.23147992011474927,-0.9906137247179154,1.4397353077882853,-5.206933404891629,0.4019232985650885,-1.3020528550238806,-1.1853602514463244,0.09461385000571569,-1.8512969419333185,-1.3676637132101854,1.5201467344210569,-0.9475048819939852,-0.013496592744813633,-0.79016034249712,-0.14900598907582482,1.1853602514463226,-0.4913924280883667,1.3020528550238757,0.6172946605313826,-0.6502725242301435
GSM1817935,0.1490059890758252,0.5532496597076928,-0.4611672853187925,0.4313565579206621,-0.2314799201147493,0.040499588960283266,0.04049958896028185,0.9475048819939876,-0.4913924280883698,-0.6502725242301388,-0.09461385000571468,0.0675320673487358,1.2712470793693862,0.6172946605313845,-0.17635768526827753,1.7192764165835233,0.20384159360707912,-0.14900598907582474,-0.9906137247179156,0.25929572004233126,0.013496592744815223,0.5532496597076911
GSM1817936,-0.34405447813591233,0.01349659274481299,1.0356410487436127,0.23147992011475083,0.1490059890758257,-0.17635768526827675,-0.040499588960281115,-1.851296941933318,0.6502725242301371,-0.04049958896028042,-2.0265618864447874,0.5220720216434799,-0.8275632846762008,-0.7538284716805203,0.8661579011539949,-1.1326298773631485,1.1853602514463224,-2.3023509502335053,1.611760480448586,0.46116728531878853,0.4611672853187941,-0.01349659274481809
GSM1817937,0.06753206734873671,0.40192329856508635,0.4611672853187945,-0.14900598907582413,-1.0828657198996057,1.0356410487436136,-5.206933404891631,-2.026561886444787,1.1853602514463197,0.4019232985650891,-2.3023509502335058,-0.3440544781359132,-0.040499588960280275,-0.6502725242301377,1.6117604804485874,-0.23147992011475133,-1.302052855023881,-0.7901603424971188,-0.12176501233058334,-0.25929572004234136,-0.46116728531879286,0.9475048819939841
GSM1817938,0.5220720216434808,-0.23147992011475188,-0.2592957200423354,-1.5201467344210544,-1.5201467344210542,-2.026561886444785,0.7901603424971194,-0.23147992011474997,1.3676637132101819,0.6172946605313832,-5.206933404891631,1.6117604804485857,0.5532496597076958,0.06753206734873879,1.1853602514463237,-0.12176501233058469,-2.026561886444787,-1.8512969419333183,-1.7192764165835233,-0.9060839546267687,0.17635768526827925,0.013496592744811313
GSM1817939,1.439735307788285,-0.013496592744816413,-0.04049958896028066,1.1853602514463233,0.20384159360707996,-0.8661579011539917,-0.31555711318057744,-0.6502725242301399,-5.206933404891633,-0.5849730479589743,-1.035641048743612,-0.04049958896028217,-0.5375957070180907,0.3155571131805802,1.5201467344210569,0.12176501233058253,-0.6502725242301401,-0.040499588960281524,0.37283324586908273,1.3676637132101797,-0.4913924280883665,-1.7192764165835273
GSM1817940,0.34405447813591306,-1.1853602514463233,-1.082865719899606,0.2873130463165972,-0.315557113180577,1.302052855023884,0.9475048819939879,-0.5849730479589755,-0.4611672853187962,0.06753206734873754,-1.4397353077882846,-0.4019232985650885,-1.0356410487436107,-1.241599379835332,0.771867413498487,-0.14900598907582593,1.611760480448586,-1.0828657198996068,-1.1326298773631471,0.7184627414058165,0.20384159360707968,-0.2873130463166
GSM1817941,0.7901603424971193,-0.4019232985650896,-0.3440544781359117,-1.1853602514463208,-2.3023509502335036,0.7184627414058283,0.06753206734873686,-0.0675320673487361,-2.3023509502335084,-0.14900598907582363,0.5849730479589754,0.287313046316596,0.2732776457487594,0.7184627414058289,-1.520146734421054,0.37283324586908145,0.790160342497119,-1.1326298773631474,0.5849730479589756,-0.6839711625556611,1.7192764165835248,-0.3155571131805813
GSM1817942,1.241599379835335,-0.040499588960283266,-1.7192764165835228,-0.17635768526827794,-0.5220720216434795,0.9475048819939893,-0.34405447813591217,-0.9906137247179159,-1.0828657198996097,0.4611672853187946,0.14900598907582469,-0.8661579011539942,1.035641048743613,1.035641048743614,-0.7538284716805216,1.1853602514463215,0.5220720216434804,0.9475048819939875,0.315557113180578,0.09461385000570956,-0.9906137247179155,-0.8661579011539969
GSM1817943,0.8661579011539942,1.241599379835333,1.1853602514463235,-0.947504881993987,1.5201467344210562,-0.6502725242301383,0.17635768526827916,0.12176501233058387,1.035641048743609,-0.8661579011539922,-1.719276416583524,-0.5220720216434811,0.40192329856508935,-0.41659494472142866,0.28731304631659765,-0.8275632846762032,-0.9060839546267637,0.23147992011475022,0.013496592744814863,0.28731304631659155,0.5690399756842063,-1.185360251446325
GSM1817944,-0.12176501233058326,-0.25929572004233803,-0.20384159360707826,0.3440544781359134,0.3728332458690834,0.25929572004233814,0.6839711625556567,-1.1853602514463213,0.34405447813590995,-2.3023509502335036,0.7538284716805227,0.23147992011474955,-2.302350950233504,-0.259295720042334,1.439735307788286,0.4611672853187924,0.8661579011539938,-0.9060839546267636,1.0828657198996068,-1.6117604804485908,-0.6172946605313815,-0.9906137247179194
GSM1817945,0.6839711625556566,-0.6172946605313837,-0.013496592744813803,0.4019232985650887,-2.026561886444785,0.7901603424971209,-1.6117604804485852,-0.9060839546267635,0.5849730479589729,0.4313565579206625,0.3155571131805776,0.7538284716805224,1.439735307788286,-0.04049958896027919,0.23147992011475124,0.4313565579206603,-0.5532496597076945,1.6117604804485863,0.2038415936070793,0.0675320673487314,-1.439735307788284,0.2873130463165932
GSM1817946,1.0828657198996074,0.9060839546267622,-0.5849730479589749,-0.20384159360707851,-0.7901603424971178,-0.09461385000571258,0.7538284716805234,-0.8661579011539934,-1.3020528550238837,-1.6117604804485843,-0.7901603424971191,-1.132629877363148,-0.9688348927370755,1.520146734421058,-0.04049958896028048,0.7184627414058253,-1.4397353077882846,-0.9475048819939875,-0.7901603424971184,0.6839711625556513,1.0356410487436123,-0.7901603424971222
GSM1817947,-0.9475048819939873,0.7901603424971173,0.8275632846762032,1.082865719899608,0.4611672853187943,-0.49139242808836514,0.7184627414058269,0.5220720216434807,0.6839711625556535,1.5201467344210453,-0.9060839546267639,0.7184627414058259,0.31555711318057916,-0.7184627414058239,0.6172946605313832,-1.7192764165835248,0.401923298565088,-0.09461385000571441,0.17635768526827886,-0.6502725242301451,0.9060839546267644,0.6839711625556529
GSM1817948,-0.4913924280883667,-1.3020528550238826,-0.9060839546267628,1.719276416583525,0.7538284716805236,1.611760480448588,1.8512969419333187,0.09461385000571478,-0.25929572004233914,-1.0828657198996052,0.4313565579206612,1.0828657198996066,0.9906137247179173,-0.013496592744812342,-1.0828657198996057,0.5532496597076934,1.4397353077882846,0.753828471680523,-0.013496592744814536,0.8275632846761973,0.718462741405827,0.4019232985650847
GSM1817949,-2.3023509502335053,-2.302350950233507,1.0828657198996081,0.9475048819939881,0.5532496597076952,0.6172946605313839,-0.28731304631659615,1.6117604804485866,-0.04049958896028437,-1.7192764165835221,0.37283324586908234,-1.439735307788285,1.9315553741990308,-0.5220720216434781,0.49139242808836814,-2.3023509502335067,-0.7184627414058263,1.3020528550238821,-0.718462741405826,-0.43135655792066635,-0.04049958896028103,1.0356410487436083
GSM1817950,-0.9060839546267634,1.5201467344210444,-0.6839711625556553,-1.611760480448585,0.8661579011539945,-0.9060839546267618,0.37283324586908306,-1.6117604804485854,-1.8512969419333212,0.28731304631659765,0.0675320673487362,-1.5201467344210557,0.8275632846762037,0.12176501233058604,-0.650272524230139,0.9060839546267627,-5.206933404891631,0.3728332458690826,-0.5849730479589753,1.6117604804485812,-1.8512969419333178,0.23147992011474677
GSM1817951,0.2873130463165969,0.2592957200423346,-0.8275632846762012,-0.287313046316596,-5.206933404891629,0.37283324586908445,-2.0265618864447865,-1.4397353077882842,0.49139242808836425,0.34405447813591383,0.8275632846762021,-0.2592957200423369,0.7184627414058278,0.4611672853187959,-0.2314799201147491,0.28731304631659543,-1.082865719899607,1.5201467344210557,0.46116728531879364,-0.28731304631660165,-0.9060839546267632,0.06753206734873304
GSM1817952,-0.2873130463165963,0.7184627414058248,-0.37283324586908156,0.7538284716805236,-0.14900598907582394,0.4313565579206633,-0.43135655792066085,-0.013496592744814502,-1.1326298773631502,-0.28731304631659543,-0.2592957200423366,0.372833245869082,0.7184627414058278,1.367663713210187,-1.3020528550238797,0.3440544781359116,-0.8661579011539936,1.0356410487436118,-1.2415993798353337,1.7192764165835193,-1.2415993798353337,1.3020528550238741
GSM1817953,0.8275632846762027,0.9475048819939857,-0.401923298565087,0.5532496597076951,0.9906137247179166,1.082865719899609,0.8275632846762028,-1.7192764165835235,1.241599379835332,0.013496592744815825,0.09461385000571435,1.1326298773631471,-0.7011129892122171,0.37283324586908495,0.0675320673487375,0.4019232985650869,0.46116728531879353,-1.520146734421055,0.23147992011475027,-0.491392428088372,-1.6117604804485852,-0.49139242808837036
GSM1817954,0.43135655792066174,-0.5532496597076961,-1.2415993798353333,0.12176501233058433,-0.7538284716805216,-0.790160342497117,-0.12176501233058311,-0.4611672853187932,-0.231479920114753,0.04049958896028253,-0.4019232985650882,-1.1853602514463222,0.13537297969854178,-0.09461385000571208,-0.34405447813591156,0.04049958896028027,1.0356410487436116,0.14900598907582496,-5.20693340489163,1.1853602514463164,1.520146734421049,1.1326298773631442
GSM1817955,0.5532496597076948,0.8661579011539922,-0.1763576852682777,1.851296941933319,-0.5532496597076935,0.8661579011539957,-0.8087207959150906,0.06753206734873662,-0.1763576852682814,-0.7901603424971174,0.20384159360707893,0.2592957200423357,-1.1326298773631462,-0.28731304631659427,-0.31555711318057683,-0.5532496597076956,1.3676637132101845,-0.5220720216434804,-1.0828657198996063,0.013496592744809681,-1.3676637132101843,0.6172946605313787
GSM1817956,-0.3155571131805776,0.43135655792065974,1.5201467344210566,0.9906137247179166,0.4913924280883678,-0.12176501233058168,-1.3020528550238804,0.5849730479589759,0.8275632846761996,-0.6172946605313807,-0.8275632846762023,1.8512969419333176,-1.241599379835333,-0.6172946605313796,-0.09461385000571337,-0.28731304631659776,-0.013496592744814746,-5.206933404891631,0.06753206734873658,-0.20384159360708418,0.0946138500057151,-1.6117604804485892
GSM1817957,-1.1853602514463213,-0.8275632846762038,-0.5532496597076936,0.683971162555652,-0.17635768526827772,-0.43135655792065947,-1.3676637132101843,-2.3023509502335053,-0.6172946605313848,-0.5220720216434792,-0.584973047958976,-0.9060839546267643,-0.14900598907582352,-0.7901603424971164,-0.1490059890758237,-0.3440544781359138,-0.06753206734873633,1.0828657198996072,-2.3023509502335044,-0.5220720216434855,0.3440544781359133,0.5220720216434771
GSM1817958,-0.6502725242301398,-0.9906137247179178,-1.1326298773631465,-1.719276416583523,-1.1853602514463206,-1.1326298773631456,-0.06753206734873586,0.6502725242301401,-0.8661579011539964,-0.43135655792066013,-0.4313565579206616,-1.3020528550238815,0.6172946605313834,-0.6839711625556537,-0.5849730479589746,-0.0946138500057156,1.5201467344210555,1.3676637132101848,1.3676637132101845,-0.7538284716805277,0.4913924280883676,1.2415993798353313
GSM1817959,-0.20384159360707887,0.3728332458690809,0.8661579011539947,0.9060839546267645,0.9060839546267645,-0.2592957200423345,-1.5201467344210546,0.6172946605313823,1.0828657198996043,-0.0946138500057133,1.1326298773631476,2.302350950233453,-1.8512969419333172,0.17635768526828108,-1.6117604804485846,-0.9060839546267648,0.6502725242301399,0.2592957200423363,0.09461385000571473,-0.1490059890758298,-0.14900598907582427,-0.14900598907582818
GSM1817960,-1.0356410487436116,-0.2873130463165983,0.5220720216434813,0.7184627414058271,0.34405447813591356,1.5201467344210575,1.4397353077882853,-1.0356410487436116,0.40192329856508524,0.990613724717917,0.3440544781359125,1.2415993798353342,0.9475048819939887,0.4913924280883694,1.035641048743613,-1.4397353077882855,0.7538284716805229,2.0265618864447874,-0.040499588960281385,0.04049958896027639,-0.20384159360707865,2.302350950233498
GSM1817961,0.013496592744814984,1.0828657198996055,0.6839711625556572,0.6172946605313827,-0.37283324586908156,0.06753206734873829,0.6502725242301404,1.1853602514463228,0.9475048819939846,0.3728332458690837,-0.5532496597076947,0.461167285318793,0.6502725242301413,0.9906137247179184,-0.3728332458690814,0.9906137247179149,-1.035641048743612,0.5220720216434805,-1.3020528550238806,-1.302052855023886,1.2415993798353353,-1.5201467344210586
GSM1817962,-0.1763576852682783,-0.4913924280883687,-0.315557113180577,0.5849730479589763,0.9475048819939881,-0.6839711625556543,0.5220720216434809,-0.7184627414058261,0.20384159360707635,-0.5532496597076931,1.4397353077882846,1.0356410487436112,-0.013496592744813424,-0.46116728531879103,-0.827563284676201,0.7901603424971179,-0.17635768526827864,-0.827563284676202,1.4397353077882846,0.4313565579206564,1.3020528550238826,-1.0828657198996103
GSM1817963,1.7192764165835246,0.0404995889602797,0.40192329856508896,-1.367663713210184,0.25929572004233703,-1.719276416583522,-1.439735307788284,-0.8275632846762019,-0.7184627414058291,-0.7538284716805213,-0.6502725242301404,2.0265618864447887,0.04049958896028269,1.13262987736315,-5.20693340489163,-1.035641048743613,-0.2038415936070792,0.7184627414058266,0.49139242808836714,-0.8275632846762071,0.7538284716805235,-2.0265618864447905
GSM1817964,0.9060839546267642,-0.20384159360708087,5.206933404989619,-0.37283324586908184,1.8512969419333187,1.7192764165835261,0.4313565579206619,-0.25929572004233614,0.17635768526827592,1.719276416583525,-0.14900598907582502,1.367663713210184,-0.5849730479589744,0.9060839546267663,0.9060839546267649,1.2415993798353337,2.0265618864447155,5.206933404989618,-0.8275632846762018,-2.026561886444792,0.9906137247179165,1.4397353077882813
GSM1817965,1.6117604804485866,-0.9060839546267654,1.6117604804485872,-0.906083954626763,-0.2873130463165957,-0.3728332458690806,-1.185360251446321,-0.5532496597076942,-0.12176501233058636,-0.17635768526827741,-0.49139242808836725,0.8661579011539933,1.9315553741990308,0.5532496597076969,-1.7192764165835226,0.8275632846762012,-1.367663713210185,-1.1853602514463215,-0.4611672853187931,-0.5849730479589808,0.8275632846762029,5.2069334049896145
GSM1817966,-1.241599379835334,-1.5201467344210569,0.9060839546267647,-0.7901603424971182,-0.8661579011539925,-0.0404995889602797,-0.9060839546267633,1.0828657198996074,0.9060839546267611,0.9475048819939884,1.3676637132101845,0.12176501233058305,0.5532496597076958,-1.7192764165835215,0.09461385000571565,0.8661579011539927,-0.5220720216434805,0.3440544781359128,0.4019232985650882,-0.9475048819939926,2.302350950233502,-1.0356410487436154
GSM1817967,-0.7901603424971185,-1.85129694193332,0.17635768526827963,5.206933404989619,-0.617294660531381,-0.06753206734873443,-1.2415993798353337,0.23147992011475038,-0.1490059890758276,1.6117604804485872,-0.6839711625556564,-0.37283324586908306,-0.10817949123227935,-5.206933404891628,0.5220720216434815,1.1326298773631467,1.082865719899607,1.8512969419333183,-0.9475048819939872,-0.7184627414058313,-0.52207202164348,-0.06753206734873968
GSM1817968,1.035641048743612,-0.4611672853187951,-0.06753206734873539,1.2415993798353355,0.06753206734873723,0.5220720216434823,-0.013496592744814268,1.439735307788285,-0.06753206734873911,-0.231479920114749,-0.9475048819939879,-0.16266666914858485,-0.06753206734873501,-0.3728332458690801,-0.8661579011539925,0.6502725242301388,0.617294660531382,0.2038415936070792,-0.4313565579206611,1.4397353077882797,-0.5849730479589752,1.5201467344210522
GSM1817969,-0.5220720216434802,-0.3155571131805796,0.43135655792066235,-0.4019232985650873,1.0828657198996074,-0.5220720216434787,-0.5220720216434801,-1.1326298773631471,0.5220720216434777,-0.06753206734873515,-0.7538284716805229,-1.7192764165835244,1.3676637132101859,-0.17635768526827625,-0.9060839546267626,1.0828657198996061,-1.2415993798353344,-0.990613724717916,-0.7538284716805222,-1.1326298773631525,0.14900598907582543,-1.132629877363151
GSM1817970,-0.5532496597076941,-0.09461385000571615,-1.5201467344210542,1.611760480448587,-0.4611672853187924,-0.9475048819939857,1.185360251446323,-0.34405447813591244,-0.3728332458690853,0.4913924280883681,-0.7184627414058266,-0.5849730479589763,-1.7192764165835226,0.013496592744817062,0.4019232985650891,-0.43135655792066246,-0.34405447813591267,-0.491392428088367,0.6172946605313822,5.206933404989613,-0.06753206734873578,0.8661579011539905
GSM1817971,-0.06753206734873601,-1.7192764165835255,0.9475048819939883,2.302350950233482,-1.8512969419333174,-1.1853602514463197,1.1326298773631482,-0.9475048819939874,-1.7192764165835266,-0.3155571131805767,0.6172946605313818,1.185360251446322,-0.43135655792066,-1.3020528550238786,0.5532496597076956,0.17635768526827758,0.8275632846762023,0.1217650123305837,-1.6117604804485854,0.401923298565083,0.3155571131805784,1.0828657198996037
GSM1817972,-0.4611672853187931,1.1853602514463208,-1.30205285502388,0.4913924280883677,0.5849730479589763,0.6839711625556582,0.4913924280883675,0.14900598907582513,-0.3155571131805807,1.3676637132101856,-0.12176501233058377,-0.16266666914858485,0.2732776457487594,-0.20384159360707682,-0.4913924280883659,0.6839711625556552,-0.04049958896028159,0.2873130463165966,0.7538284716805229,2.3023509502333788,-0.5532496597076939,-0.23147992011475357
GSM1817973,-0.1490059890758245,-1.3676637132101865,-0.7538284716805218,-1.0828657198996061,-1.7192764165835226,0.9060839546267657,1.0828657198996077,-0.09461385000571425,0.3728332458690798,-0.718462741405825,0.5532496597076942,0.40192329856508746,-1.3020528550238797,-1.4397353077882822,0.8275632846762034,0.5849730479589745,1.2415993798353346,0.5849730479589758,1.5201467344210555,-0.3728332458690875,0.6839711625556568,-0.5532496597076978
GSM1817974,0.9475048819939877,0.5220720216434788,0.2592957200423372,-0.6839711625556555,0.8275632846762031,0.9906137247179179,1.7192764165835248,0.40192329856508824,1.7192764165835215,1.8512969419333192,-0.5220720216434808,-0.7901603424971194,0.1900817432988235,0.6502725242301424,-0.43135655792066024,0.23147992011474902,-0.8275632846762021,0.7901603424971191,-0.31555711318057766,0.3440544781359077,0.12176501233058419,0.37283324586907923
GSM1817975,1.132629877363148,0.6172946605313804,0.7901603424971199,-0.344054478135912,0.6172946605313828,1.2415993798353366,-0.25929572004233586,-0.3728332458690823,0.7184627414058237,0.7184627414058276,0.7184627414058262,-0.4313565579206619,1.132629877363149,0.2038415936070815,-0.4611672853187923,-0.40192329856508907,-0.43135655792066135,0.4913924280883671,5.206933404989617,0.7538284716805179,-5.20693340489163,0.12176501233058029
GSM1817976,-1.3020528550238806,-1.6117604804485874,1.4397353077882857,0.09461385000571523,0.40192329856508885,-0.5532496597076926,1.0356410487436123,-0.20384159360707896,1.439735307788282,0.9060839546267648,-0.8661579011539938,-1.6117604804485863,0.7901603424971203,-2.0265618864447847,0.149005989075826,-0.5220720216434817,0.5532496597076945,0.9906137247179161,-0.2873130463165964,-2.30235095023351,0.947504881993988,0.827563284676199
GSM1817977,0.6502725242301403,5.206933404989616,0.7184627414058273,0.013496592744815352,-1.271247079369383,0.14900598907582677,5.206933404989618,-0.3155571131805777,-0.43135655792066413,2.3023509502335093,1.1853602514463224,-0.6502725242301407,-0.6172946605313807,0.9475048819939899,0.20384159360708023,-5.206933404891632,-1.6117604804485859,-0.65027252423014,-0.23147992011474997,-0.8661579011539986,-0.866157901153993,-0.12176501233058692
GSM1817978,2.0265618864447896,0.20384159360707746,-0.8661579011539927,0.2592957200423369,-1.4397353077882835,0.5532496597076964,-0.6839711625556557,0.013496592744814902,-1.520146734421058,-1.3020528550238795,-1.1853602514463217,-0.6839711625556567,-0.34405447813591133,-0.12176501233058118,0.12176501233058475,1.8512969419333172,-1.1326298773631476,-1.7192764165835237,-1.0356410487436116,0.9060839546267588,-1.185360251446321,-0.6172946605313854
GSM1817979,0.20384159360707946,0.9906137247179143,-2.026561886444786,0.827563284676203,-0.040499588960280726,5.20693340498962,1.3020528550238826,0.8275632846762025,0.7538284716805201,0.79016034249712,0.4913924280883668,0.3155571131805773,-0.2038415936070779,1.6117604804485886,5.206933404989619,-0.49139242808836814,0.31555711318057783,0.43135655792066147,0.9475048819939874,0.17635768526827372,-0.7538284716805221,0.9906137247179126
GSM1817980,-0.718462741405826,-2.0265618864447887,-0.6172946605313812,-0.013496592744814052,1.3020528550238826,-0.46116728531879153,0.09461385000571501,-1.241599379835334,0.6172946605313793,0.31555711318057894,-0.46116728531879364,-1.0828657198996074,-0.7011129892122171,-0.9060839546267613,1.3020528550238832,-0.9475048819939887,0.5849730479589756,-0.683971162555656,-0.06753206734873611,-0.1763576852682836,0.43135655792066196,0.20384159360707577
GSM1817981,0.6172946605313824,-0.431356557920663,0.6172946605313829,-0.6502725242301395,1.7192764165835246,-1.302052855023879,0.9060839546267643,0.5532496597076947,0.31555711318057506,2.026561886444785,-1.302052855023881,0.9906137247179154,-0.3728332458690812,-1.1853602514463193,0.9475048819939885,-0.17635768526827975,-0.28731304631659665,1.7192764165835244,0.790160342497119,-1.7192764165835288,1.0828657198996077,-0.4019232985650913
GSM1817982,0.17635768526827902,-1.1326298773631491,0.14900598907582582,-0.5220720216434799,0.6839711625556569,0.28731304631659843,-0.9906137247179156,-0.17635768526827839,0.013496592744811882,0.17635768526827983,1.0356410487436116,-0.9475048819939882,1.1853602514463237,-0.8661579011539912,-0.5532496597076934,0.9475048819939863,0.25929572004233625,-1.6117604804485857,2.026561886444789,1.1326298773631405,-0.09461385000571393,-0.344054478135916
GSM1817983,-0.23147992011474988,-1.0356410487436136,0.06753206734873733,-1.0356410487436112,0.6502725242301407,0.8275632846762042,-0.9475048819939872,2.0265618864443806,1.5201467344210529,-1.5201467344210537,-0.04049958896028179,0.8275632846762018,-0.2314799201147489,-1.1326298773631451,2.3023509502334982,-1.082865719899608,0.1763576852682787,-1.2415993798353342,0.2873130463165967,-0.9906137247179211,-0.17635768526827808,-1.8512969419333218
GSM1817984,-1.5201467344210549,0.2873130463165949,1.7192764165835253,-1.8512969419333176,2.02656188644479,-1.5201467344210533,0.46116728531879403,-5.206933404891631,1.6117604804485834,-0.4019232985650867,0.04049958896028118,-2.302350950233506,-0.47622563009010993,-0.49139242808836464,-1.0356410487436107,-0.6172946605313832,-1.8512969419333185,1.2415993798353349,0.12176501233058382,0.49139242808836203,0.7901603424971195,-0.46116728531879675
GSM1817985,-0.5849730479589754,-0.718462741405828,0.12176501233058458,2.02656188644479,-0.683971162555655,0.7538284716805248,-0.14900598907582435,-0.6839711625556559,-1.0356410487436147,0.7538284716805239,-0.37283324586908273,-0.12176501233058416,-0.25929572004233503,-0.41659494472142866,-0.7901603424971178,-0.8661579011539947,0.9475048819939874,1.4397353077882848,-0.09461385000571426,0.23147992011474516,1.3676637132101852,1.8512969419333147
GSM1817986,-0.01349659274481442,-1.4397353077882862,0.3728332458690835,-2.0265618864447865,0.7184627414058272,-0.5849730479589739,-0.6172946605313816,0.7538284716805231,0.5532496597076917,0.5849730479589766,-1.367663713210185,-0.4913924280883676,-1.3676637132101837,-0.3440544781359103,0.31555711318057894,0.25929572004233514,-0.6839711625556562,0.40192329856508807,-2.026561886444786,0.5849730479589706,1.8512969419333187,0.2592957200423329
GSM1817987,0.31555711318057816,0.17635768526827703,-0.6502725242301393,1.4397353077882855,-0.09461385000571361,2.302350950233499,-1.0828657198996063,-0.12176501233058334,0.12176501233058086,-1.3676637132101834,1.611760480448586,0.6502725242301394,0.44621249627104187,-0.23147992011474783,1.132629877363149,-0.20384159360708032,0.990613724717916,-0.013496592744814673,2.3023509502335084,-0.5532496597076995,-1.5201467344210546,2.0265618864447728
GSM1817988,-0.4019232985650876,0.06753206734873472,1.8512969419333192,-5.20693340489163,-1.3676637132101839,-1.4397353077882826,-1.8512969419333178,2.3023509502335093,0.040499588960278596,-1.851296941933317,1.5201467344210555,1.3020528550238815,0.7184627414058278,1.0828657198996094,-0.7184627414058252,-1.302052855023882,-1.1853602514463217,0.3155571131805779,-1.3676637132101845,-5.206933404891636,0.6502725242301405,-5.206933404891634
GSM1817989,2.3023509502335093,1.7192764165835226,-1.1853602514463206,-0.7184627414058257,-0.4313565579206604,0.203841593607081,-0.8661579011539932,0.2592957200423365,-2.02656188644479,-0.9475048819939862,0.2873130463165963,-1.851296941933319,-1.1853602514463204,2.3023509502335076,-1.241599379835333,2.026561886444768,-2.3023509502335053,-0.46116728531879336,-1.851296941933318,-0.06753206734874131,-1.3020528550238804,-1.3676637132101883
GSM1817990,-0.04049958896028127,2.3023509502335076,-1.3676637132101839,-0.8661579011539929,-0.8275632846762011,-0.3440544781359108,-0.553249659707694,0.34405447813591294,-0.9060839546267665,-0.3728332458690813,-0.2038415936070794,0.040499588960280795,0.35840686358011226,0.7901603424971214,0.1763576852682798,0.5220720216434793,-1.5201467344210553,-0.2873130463165966,-0.17635768526827839,2.0265618864447847,-1.7192764165835233,-0.7184627414058297
GSM1817991,-0.3728332458690822,-1.241599379835336,-0.4913924280883661,0.8661579011539945,0.09461385000571539,0.6502725242301418,-0.8087207959150906,-0.04049958896028135,-1.4397353077882873,0.20384159360708026,-1.1326298773631476,0.7901603424971184,0.35840686358011226,0.04049958896028377,-0.12176501233058247,-0.3728332458690836,0.04049958896028137,-0.37283324586908245,-1.5201467344210549,-0.40192329856509296,-0.12176501233058303,1.185360251446319
GSM1817992,0.0404995889602817,1.132629877363146,-1.6117604804485848,0.37283324586908323,-1.271247079369383,0.013496592744816556,-0.7538284716805222,0.43135655792066163,-0.013496592744817522,5.206933404989618,0.6502725242301397,-0.09461385000571507,-0.47622563009010993,0.5220720216434829,-2.3023509502335044,0.14900598907582377,0.37283324586908256,0.8661579011539939,-1.4397353077882842,1.2415993798353298,-0.9475048819939871,0.5849730479589723
GSM1817993,-0.8661579011539933,0.31555711318057617,-2.3023509502335044,-0.4313565579206607,-0.49139242808836603,-0.8275632846762002,1.6117604804485868,0.31555711318057805,0.06753206734873361,-1.132629877363146,-1.082865719899607,-1.2415993798353349,-1.520146734421054,0.23147992011475252,0.4313565579206625,-0.7538284716805238,-0.25929572004233636,-0.12176501233058351,0.8275632846762024,1.8512969419333132,0.06753206734873694,0.7184627414058231
GSM1817994,0.3728332458690829,-0.5849730479589774,0.3155571131805788,-1.3020528550238801,-0.6502725242301391,-0.7538284716805208,-0.17635768526827816,1.5201467344210424,1.8512969419333154,-0.34405447813591145,-0.3440544781359129,1.520146734421055,2.3023509502335107,0.14900598907582727,0.25929572004233736,0.3155571131805767,0.9060839546267638,-0.06753206734873626,-0.8661579011539932,-0.10817949123228565,-0.7901603424971183,-0.37283324586908584
GSM1817995,1.1853602514463228,0.683971162555651,-0.9475048819939867,-0.49139242808836636,1.6117604804485868,-0.31555711318057605,-0.4611672853187929,-1.0828657198996066,-0.09461385000571726,0.5220720216434815,0.7901603424971188,0.43135655792066085,0.04049958896028269,0.6839711625556587,0.6839711625556574,-1.8512969419333194,0.7184627414058264,2.3023509502335053,1.1326298773631476,0.617294660531377,0.04049958896028193,0.7901603424971156
GSM1817996,1.8512969419333185,0.23147992011474847,-0.4313565579206604,0.5220720216434811,0.5220720216434812,0.17635768526828058,2.02656188644479,0.28731304631659677,-0.5849730479589785,0.650272524230141,0.013496592744814467,0.9475048819939869,-0.3014051110861681,1.1853602514463195,-0.40192329856508685,-0.46116728531879453,-0.7538284716805227,0.9060839546267639,-0.25929572004233603,0.9475048819939824,-0.37283324586908195,0.7538284716805196
GSM1817997,-1.7192764165835235,-0.12176501233058525,0.09461385000571548,-1.4397353077882837,-0.3440544781359117,-2.3023509502335036,-1.7192764165835233,1.8512969419333185,2.026561886444775,-0.9906137247179146,2.026561886444789,-1.0356410487436125,-0.7011129892122171,0.25929572004233864,0.650272524230141,-0.2592957200423375,1.302052855023882,-0.7538284716805226,1.719276416583524,-0.34405447813591766,1.185360251446323,-1.2415993798353377
GSM1817998,0.23147992011475046,0.8275632846762007,-0.2873130463165957,-0.5849730479589751,-0.40192329856508696,-0.9906137247179142,0.5849730479589761,1.7192764165835246,0.7901603424971162,-0.20384159360707801,0.9475048819939872,-0.3155571131805785,1.2712470793693862,0.28731304631659893,0.35840686358011203,-0.06753206734873744,-0.9906137247179161,-0.20384159360707912,0.25929572004233636,-0.013496592744819723,-1.132629877363147,-1.439735307788288
GSM1817999,-2.026561886444787,1.6117604804485846,0.04049958896028231,-0.6172946605313814,1.1326298773631482,1.1326298773631496,0.5532496597076949,5.206933404989618,0.23147992011474736,1.2415993798353355,-0.9906137247179163,-0.2038415936070798,-0.8661579011539923,1.3020528550238843,-0.06753206734873522,-0.6839711625556573,0.06753206734873639,-0.4313565579206613,-0.5220720216434802,-0.617294660531387,-0.3155571131805774,-2.302350950233509
